"time","http_get_count","http_post_count","http_get_avg_ms","http_get_max_ms","http_post_avg_ms","http_post_max_s","system_cpu_percent","process_cpu_percent","total_used_memory_mib","live_threads","daemon_threads","state_runnable_thread","state_waiting_thread","state_timed_wait_thread"
2022-05-10 17:20:00,0.0667,57.3,17.4,22.8,3.68,0.133,5.23,1.09,159,28,24,7,2,19
2022-05-10 17:20:15,0.0667,63.8,17.1,22.8,3.82,0.0207,6.68,1.30,260,28,24,7,2,19
2022-05-10 17:20:30,0.0667,70.2,16.8,22.8,3.79,0.0232,6.34,1.41,201,30,26,7,2,21
2022-05-10 17:20:45,0.0667,76.1,16.2,22.8,3.61,0.0247,6.65,1.80,146,36,32,7,2,27
2022-05-10 17:21:00,0.0667,80.0,15.8,22.8,3.42,0.0247,5.84,1.56,264,36,32,7,2,27
2022-05-10 17:21:15,0.0667,84.3,16.0,18.3,5.10,0.0944,18.4,2.39,229,75,71,7,2,66
2022-05-10 17:21:30,0.0667,84.7,21.8,31.9,70.1,2.93,80.7,2.47,203,138,134,7,2,129
2022-05-10 17:21:45,0.0688,94.1,25.2,31.9,67.7,2.93,63.6,3.25,194,138,134,7,2,129
2022-05-10 17:22:00,0.0688,99.8,27.1,31.9,64.7,2.93,56.9,3.39,182,138,134,7,2,129
2022-05-10 17:22:15,0.0688,109,24.4,31.9,5.84,2.93,44.1,3.52,174,138,134,7,2,129
2022-05-10 17:22:30,0.0667,108,23.1,31.9,4.27,2.93,34.3,3.28,164,138,134,7,2,129
2022-05-10 17:22:45,0.0667,110,22.9,31.9,4.83,2.93,35.0,3.31,150,138,134,8,2,128
2022-05-10 17:23:00,0.0667,108,23.0,31.9,99.9,2.93,34.9,3.08,300,151,147,7,2,142
2022-05-10 17:23:15,0.0667,116,23.0,31.9,93.6,2.93,36.0,3.98,312,150,146,19,2,130
2022-05-10 17:23:30,0.0667,123,24.3,31.9,88.4,2.93,50.1,3.65,159,150,146,8,2,140
2022-05-10 17:23:45,0.0667,135,24.1,31.9,4.70,2.93,48.5,3.91,186,150,146,7,2,141
2022-05-10 17:24:00,0.0667,135,24.4,31.9,4.54,2.93,37.0,4.38,203,150,146,7,2,141
2022-05-10 17:24:15,0.0667,140,23.4,26.2,4.15,2.35,38.3,5.47,243,150,146,7,2,141
2022-05-10 17:24:30,0.0667,144,23.0,26.2,3.90,2.35,37.5,5.05,286,150,146,7,2,141
2022-05-10 17:24:45,0.0667,152,23.0,26.2,3.92,2.35,40.3,4.97,167,150,146,9,2,139
2022-05-10 17:25:00,0.0666,155,25.0,29.1,3.96,2.35,37.2,5.52,223,151,147,7,2,142
2022-05-10 17:25:15,0.0667,163,25.3,29.1,4.13,0.0461,39.1,6.20,300,150,146,7,2,141
2022-05-10 17:25:30,0.0667,169,24.0,29.1,3.91,0.0461,37.6,5.96,206,150,146,8,2,140
2022-05-10 17:25:45,0.0667,176,21.3,29.1,4.19,0.0461,38.0,5.52,293,150,146,8,2,140
2022-05-10 17:26:00,0.0667,179,20.5,29.1,4.12,0.0461,38.0,5.91,207,151,147,7,2,142
2022-05-10 17:26:15,0.0667,183,21.1,29.1,4.74,0.0457,38.5,6.07,300,150,146,7,2,141
2022-05-10 17:26:30,0.0667,187,21.2,29.1,4.99,0.0457,39.6,6.58,231,151,147,7,2,142
2022-05-10 17:26:45,0.0667,193,21.3,29.1,4.96,0.0457,40.9,7.30,167,150,146,7,2,140
2022-05-10 17:27:00,0.0667,197,20.8,29.1,5.04,0.0642,35.8,6.92,278,150,146,7,2,141
2022-05-10 17:27:15,0.0667,195,20.5,21.8,66.6,2.78,29.7,6.90,225,214,210,17,2,195
2022-05-10 17:27:30,0.0667,184,20.1,21.8,215,5.19,23.9,6.07,292,214,210,17,2,195
2022-05-10 17:27:45,0.0667,180,20.8,22.4,329,5.19,21.4,6.13,222,214,210,7,2,205
2022-05-10 17:28:00,0.0667,194,20.8,22.4,242,5.19,29.3,8.77,225,213,209,7,2,204
2022-05-10 17:28:15,0.0667,216,20.1,22.4,95.4,5.19,21.1,8.48,223,213,209,7,2,204
2022-05-10 17:28:30,0.0667,234,19.0,22.4,5.00,5.19,21.8,8.86,234,213,209,7,2,204
2022-05-10 17:28:45,0.0667,238,19.0,22.4,5.47,5.19,26.1,9.12,257,213,209,7,2,203
2022-05-10 17:29:00,0.0667,243,19.6,22.4,5.08,5.19,25.3,9.06,273,213,209,7,2,203
2022-05-10 17:29:15,0.0667,240,19.7,22.4,4.76,5.19,20.7,7.94,268,213,209,7,2,204
2022-05-10 17:29:30,0.0667,242,19.5,22.4,4.27,5.19,22.3,9.22,282,213,209,7,2,203
2022-05-10 17:29:45,0.0667,248,19.8,22.4,4.40,5.19,24.3,10.7,309,214,210,7,2,205
2022-05-10 17:30:00,0.0667,257,19.6,22.4,4.51,5.19,23.8,10.3,159,213,209,8,2,202
2022-05-10 17:30:15,0.0667,266,20.8,23.0,4.75,0.0443,25.4,11.0,209,213,209,7,2,204
2022-05-10 17:30:30,0.0667,271,20.9,23.0,4.70,0.0443,25.3,9.93,258,213,209,7,2,204
2022-05-10 17:30:45,0.0667,275,21.0,23.0,4.74,0.0443,24.4,9.76,302,213,209,7,2,204
2022-05-10 17:31:00,0.0667,279,20.1,23.0,4.78,0.0443,26.1,11.3,194,213,209,7,2,204
2022-05-10 17:31:15,0.0667,287,19.3,23.0,4.75,0.0422,27.8,11.7,276,213,209,7,2,204
2022-05-10 17:31:30,0.0667,289,19.0,23.0,5.07,0.0520,25.9,10.3,330,213,209,7,2,204
2022-05-10 17:31:45,0.0667,290,18.0,23.0,5.07,0.0520,25.5,11.6,222,213,209,7,2,204
2022-05-10 17:32:00,0.0667,290,17.8,23.0,5.50,0.0520,27.1,11.8,303,213,209,7,2,204
2022-05-10 17:32:15,0.0667,302,18.0,20.5,5.58,0.0520,28.7,12.6,234,213,209,10,2,201
2022-05-10 17:32:30,0.0667,308,20.5,25.0,5.38,0.0520,28.4,12.4,329,213,209,7,2,204
2022-05-10 17:32:45,0.0667,317,20.6,25.0,5.55,0.0520,29.8,12.9,275,213,209,7,2,204
2022-05-10 17:33:00,0.0667,321,20.5,25.0,5.58,0.0520,30.2,13.0,224,213,209,11,2,200
2022-05-10 17:33:15,0.0666,326,20.1,25.0,5.92,0.0520,29.2,12.8,161,214,210,7,2,205
2022-05-10 17:33:30,0.0667,327,20.4,25.0,5.75,0.0520,30.4,13.6,287,214,210,9,2,201
2022-05-10 17:33:45,0.0667,330,22.3,25.0,5.58,0.0520,31.7,14.0,251,213,209,7,2,204
2022-05-10 17:34:00,0.0667,337,20.4,25.0,5.49,0.0520,32.3,13.9,218,213,209,7,2,204
2022-05-10 17:34:15,0.0667,345,19.9,25.0,5.66,0.0512,32.4,14.4,203,213,209,7,2,204
2022-05-10 17:34:30,0.0667,349,18.9,25.0,5.67,0.0596,31.9,13.7,183,214,210,7,2,205
2022-05-10 17:34:45,0.0667,356,19.0,25.0,5.67,0.0596,34.2,15.2,184,213,209,7,2,204
2022-05-10 17:35:00,0.0667,358,20.1,25.0,5.21,0.0596,36.6,15.5,177,214,210,9,2,203
2022-05-10 17:35:15,0.0667,366,20.2,24.3,5.10,0.0596,36.1,15.2,193,213,209,9,2,202
2022-05-10 17:35:30,0.0667,371,22.4,24.8,5.06,0.0618,37.4,16.2,218,213,209,7,2,204
2022-05-10 17:35:45,0.0666,375,21.6,24.8,5.26,0.0618,34.6,14.1,227,213,209,7,2,204
2022-05-10 17:36:00,0.0667,375,20.4,24.8,5.46,0.0618,37.3,15.9,244,213,209,7,2,204
2022-05-10 17:36:15,0.0667,380,18.4,24.8,5.55,0.0618,37.7,17.4,285,213,209,7,2,204
2022-05-10 17:36:30,0.0667,391,18.5,24.8,6.12,0.0618,38.9,16.9,170,214,210,7,2,205
2022-05-10 17:36:45,0.0667,401,18.1,24.8,5.97,0.0618,38.6,16.8,229,213,209,7,2,204
2022-05-10 17:37:00,0.0667,372,17.9,24.8,73.1,3.77,30.4,13.4,320,214,210,7,2,205
2022-05-10 17:37:15,0.0667,372,19.5,24.8,72.6,3.77,39.5,17.6,203,213,209,7,2,204
2022-05-10 17:37:30,0.0667,373,19.9,24.8,72.6,3.77,39.4,17.8,267,213,209,7,2,204
2022-05-10 17:37:45,0.0667,412,20.5,24.8,5.46,3.77,40.7,18.7,180,213,209,7,2,204
2022-05-10 17:38:00,0.0667,416,18.7,24.8,5.79,3.77,40.2,17.7,256,214,210,11,2,200
2022-05-10 17:38:15,0.0667,423,19.7,23.5,5.76,3.77,41.4,18.1,168,214,210,7,2,205
2022-05-10 17:38:30,0.0667,422,19.4,23.5,5.97,3.77,41.4,18.4,254,213,209,7,2,204
2022-05-10 17:38:45,0.0667,426,19.6,23.5,5.97,3.77,41.5,18.9,170,213,209,9,2,201
2022-05-10 17:39:00,0.0667,433,19.5,23.5,6.07,3.77,43.5,20.4,289,213,209,7,2,204
2022-05-10 17:39:15,0.0667,438,19.7,21.4,6.13,0.0624,43.5,19.7,224,214,210,28,2,183
2022-05-10 17:39:30,0.0667,447,21.9,25.3,6.18,0.0624,45.2,20.9,175,213,209,7,2,204
2022-05-10 17:39:45,0.0667,450,20.8,25.3,6.26,0.0624,44.7,20.3,309,213,209,12,2,200
2022-05-10 17:40:00,0.0667,453,22.2,25.3,6.14,0.0624,44.8,20.2,256,213,209,7,2,204
2022-05-10 17:40:15,0.0667,457,19.9,25.3,5.96,0.0624,45.9,20.5,224,214,210,7,2,205
2022-05-10 17:40:30,0.0667,459,20.7,25.3,5.67,0.0624,45.0,19.7,185,214,210,7,2,204
2022-05-10 17:40:45,0.0667,466,19.3,25.3,5.91,0.0624,47.1,21.0,339,214,210,9,2,204
2022-05-10 17:41:00,0.0667,469,20.0,25.3,6.37,0.0624,47.7,21.3,321,213,209,13,2,198
2022-05-10 17:41:15,0.0667,476,21.8,25.5,6.60,0.0605,48.4,22.2,313,214,210,11,2,193
2022-05-10 17:41:30,0.0667,477,23.7,25.5,6.49,0.0605,48.8,22.5,295,214,210,7,2,205
2022-05-10 17:41:45,0.0667,484,23.2,25.5,6.14,0.0605,48.7,22.3,309,214,210,7,2,205
2022-05-10 17:42:00,0.0667,484,22.0,25.5,6.23,0.0605,48.1,22.9,302,213,209,9,2,202
2022-05-10 17:42:15,0.0667,492,20.0,25.5,6.33,0.0753,51.0,23.1,324,214,210,7,2,205
2022-05-10 17:42:30,0.0667,498,21.0,25.5,6.02,0.0753,52.0,24.0,188,213,209,7,2,204
2022-05-10 17:42:45,0.0667,510,20.5,25.5,6.27,0.0753,52.4,24.6,232,214,210,7,2,205
2022-05-10 17:43:00,0.0667,516,19.9,25.5,6.60,0.0753,53.2,23.5,277,214,210,7,2,205
2022-05-10 17:43:15,0.0667,508,19.4,25.2,6.95,0.0753,49.8,22.9,282,214,210,7,2,205
2022-05-10 17:43:30,0.0667,508,19.4,25.2,6.42,0.0753,52.6,24.2,320,214,210,7,2,205
2022-05-10 17:43:45,0.0667,509,19.7,25.2,5.91,0.0753,57.2,25.1,197,213,209,7,2,204
2022-05-10 17:44:00,0.0667,521,18.4,25.2,6.27,0.0924,54.2,25.8,251,213,209,7,2,204
2022-05-10 17:44:15,0.0667,529,18.2,22.1,6.33,0.0924,54.8,25.3,330,215,211,7,2,206
2022-05-10 17:44:30,0.0666,532,18.1,22.1,6.35,0.0924,55.4,25.7,231,215,211,7,2,205
2022-05-10 17:44:45,0.0667,536,19.0,22.1,6.04,0.0924,55.3,25.4,323,215,211,7,2,206
2022-05-10 17:45:00,0.0667,489,18.2,22.1,68.8,3.60,40.5,18.9,220,214,210,9,2,195
2022-05-10 17:45:15,0.0667,462,19.9,22.9,74.9,3.60,50.0,23.0,339,214,210,8,2,203
2022-05-10 17:45:30,0.0667,464,24.8,34.4,74.3,3.60,57.3,26.8,260,214,210,8,2,205
2022-05-10 17:45:45,0.0667,509,27.0,34.4,8.69,3.60,55.6,26.4,326,214,210,7,2,205
2022-05-10 17:46:00,0.0667,534,25.7,34.4,6.31,3.60,54.4,25.2,203,213,209,7,2,204
2022-05-10 17:46:15,0.0667,526,20.3,34.4,5.90,3.60,54.1,25.3,254,214,210,7,2,205
2022-05-10 17:46:30,0.0667,526,19.1,34.4,5.53,3.60,55.1,25.4,317,213,209,10,2,201
2022-05-10 17:46:45,0.0667,532,21.0,34.4,5.93,3.60,56.7,26.3,218,214,210,7,2,205
2022-05-10 17:47:00,0.0667,539,21.4,34.4,6.29,3.60,57.1,26.9,299,214,210,8,2,203
2022-05-10 17:47:15,0.0667,548,22.6,34.4,6.14,3.08,59.5,28.1,223,214,210,7,2,205
2022-05-10 17:47:30,0.0667,551,20.3,34.4,5.64,3.08,59.5,28.0,316,214,210,10,2,205
2022-05-10 17:47:45,0.0667,557,21.4,34.4,5.80,3.08,58.4,27.5,247,214,210,7,2,205
2022-05-10 17:48:00,0.0667,557,19.7,34.4,5.68,3.08,59.6,28.3,347,214,210,10,2,196
2022-05-10 17:48:15,0.0666,560,20.5,24.8,5.84,0.0723,60.2,28.6,276,214,210,7,2,205
2022-05-10 17:48:30,0.0667,560,19.2,24.8,5.58,0.0723,60.7,28.7,208,214,210,7,2,205
2022-05-10 17:48:45,0.0667,563,19.7,24.8,5.70,0.0956,60.5,28.7,318,214,210,8,2,204
2022-05-10 17:49:00,0.0667,560,21.7,26.3,5.84,0.0956,59.9,29.0,238,214,210,7,2,205
2022-05-10 17:49:15,0.0667,556,21.5,26.3,5.98,0.0956,60.4,28.8,329,214,210,9,2,184
2022-05-10 17:49:30,0.0667,557,21.7,26.3,6.01,0.0956,60.8,28.8,268,214,210,11,2,196
2022-05-10 17:49:45,0.0667,560,21.4,26.3,6.02,0.0956,61.0,30.3,199,214,210,9,2,196
2022-05-10 17:50:00,0.0667,565,23.5,26.3,5.79,0.0956,61.3,28.9,311,214,210,7,2,205
2022-05-10 17:50:15,0.0667,562,23.4,26.3,5.58,0.0956,60.5,29.5,236,214,210,9,2,203
2022-05-10 17:50:30,0.0667,561,23.3,26.3,5.55,0.0956,60.0,28.8,342,214,210,7,2,205
2022-05-10 17:50:45,0.0667,561,21.7,26.3,5.47,0.0956,61.9,30.1,276,214,210,7,2,205
2022-05-10 17:51:00,0.0667,559,22.6,26.3,5.61,0.0956,59.1,28.4,194,214,210,9,2,204
2022-05-10 17:51:15,0.0667,554,23.1,26.5,5.36,0.0910,60.3,29.0,278,214,210,7,2,205
2022-05-10 17:51:30,0.0667,554,22.3,26.5,5.54,0.0910,61.3,29.3,209,214,210,9,2,203
2022-05-10 17:51:45,0.0667,556,21.7,26.5,5.21,0.0910,61.0,29.8,309,214,210,7,2,205
2022-05-10 17:52:00,0.0667,552,20.1,26.5,8.19,0.472,59.5,29.2,216,215,211,18,2,194
2022-05-10 17:52:15,0.0667,499,21.6,26.5,62.0,3.71,46.0,21.8,260,215,211,8,2,205
2022-05-10 17:52:30,0.0667,498,20.5,26.5,61.9,3.71,63.6,31.4,187,215,211,8,2,205
2022-05-10 17:52:45,0.0667,501,21.4,26.5,58.2,3.71,62.4,30.9,281,215,211,25,2,134
2022-05-10 17:53:00,0.0667,549,23.0,26.6,5.05,3.71,61.5,30.8,185,215,211,8,2,205
2022-05-10 17:53:15,0.0667,549,23.2,26.6,4.92,3.71,62.3,31.0,283,215,211,10,3,204
2022-05-10 17:53:30,0.0667,546,23.9,26.7,4.60,3.71,61.0,29.8,354,215,211,12,2,203
2022-05-10 17:53:45,0.0667,545,23.5,26.7,4.36,3.71,62.4,31.4,252,215,211,8,2,205
2022-05-10 17:54:00,0.0667,541,24.4,26.7,4.57,3.71,62.4,30.7,335,215,211,11,2,204
2022-05-10 17:54:15,0.0667,543,24.6,27.1,4.58,3.47,62.8,30.5,237,215,211,11,3,204
2022-05-10 17:54:30,0.0667,542,24.6,27.1,4.63,3.47,62.9,30.8,309,214,210,8,2,204
2022-05-10 17:54:45,0.0667,541,25.4,27.1,4.58,3.47,61.4,30.2,206,215,211,10,2,203
2022-05-10 17:55:00,0.0667,539,24.8,27.1,4.56,3.47,62.1,30.9,280,215,211,8,2,205
2022-05-10 17:55:15,0.0667,540,22.4,27.1,4.67,0.0826,62.9,31.9,360,215,211,10,2,203
2022-05-10 17:55:30,0.0666,536,21.0,27.1,4.76,0.0826,62.4,32.4,244,215,211,8,2,205
2022-05-10 17:55:45,0.0667,535,18.3,27.1,4.80,0.0826,62.6,32.1,313,215,211,10,2,203
2022-05-10 17:56:00,0.0667,533,20.7,27.1,4.35,0.0826,63.0,32.4,207,215,211,8,2,205
2022-05-10 17:56:15,0.0667,535,20.4,25.4,4.40,0.0826,62.1,31.7,279,215,211,8,2,205
2022-05-10 17:56:30,0.0666,534,20.6,25.4,4.43,0.0826,62.9,32.4,344,215,211,10,2,204
2022-05-10 17:56:45,0.0667,530,20.5,25.4,4.94,0.0829,62.4,31.3,230,214,210,9,2,202
2022-05-10 17:57:00,0.0667,530,23.6,27.7,4.77,0.0829,62.8,32.5,305,214,210,9,2,202
2022-05-10 17:57:15,0.0667,528,26.3,27.7,4.44,0.0829,62.5,31.5,191,215,211,8,2,205
2022-05-10 17:57:30,0.0667,532,26.2,27.7,4.31,0.0829,62.3,31.1,267,215,211,10,2,200
2022-05-10 17:57:45,0.0667,529,25.7,27.7,4.51,0.101,62.8,32.3,330,215,211,8,2,205
2022-05-10 17:58:00,0.0667,530,22.8,27.7,5.03,0.101,62.7,31.7,226,215,211,8,2,205
2022-05-10 17:58:15,0.0667,529,20.3,27.7,4.78,0.101,63.0,32.8,302,215,211,19,2,196
2022-05-10 17:58:30,0.0667,528,20.7,27.7,4.64,0.101,62.7,32.8,186,215,211,8,2,205
2022-05-10 17:58:45,0.0667,527,23.2,27.7,4.55,0.101,66.2,33.3,255,215,211,13,2,203
2022-05-10 17:59:00,0.0667,522,26.5,27.7,4.86,0.101,62.8,32.6,313,215,211,8,2,205
2022-05-10 17:59:15,0.0666,496,23.1,27.3,56.0,3.07,53.8,27.7,286,215,211,59,2,154
2022-05-10 17:59:30,0.0667,491,21.8,27.3,58.5,3.07,61.0,30.7,323,215,211,8,2,205
2022-05-10 17:59:45,0.0667,490,18.8,27.3,58.9,3.07,62.2,32.1,206,215,211,9,2,203
2022-05-10 18:00:00,0.0667,517,21.5,27.3,6.86,3.07,62.7,32.0,284,215,211,10,2,202
2022-05-10 18:00:15,0.0666,525,21.4,27.3,5.31,3.07,63.0,32.6,190,215,211,10,2,203
2022-05-10 18:00:30,0.0667,526,24.4,27.3,4.81,3.07,63.1,32.4,255,215,211,8,2,205
2022-05-10 18:00:45,0.0667,522,22.4,27.3,4.78,3.07,62.4,32.9,321,214,210,8,2,204
2022-05-10 18:01:00,0.0667,519,21.5,27.3,4.74,3.07,62.6,32.3,224,214,210,8,2,204
2022-05-10 18:01:15,0.0667,517,18.7,26.7,5.07,3.07,61.4,31.9,286,215,211,8,2,205
2022-05-10 18:01:30,0.0667,513,18.5,26.7,4.93,3.07,61.7,32.7,332,215,211,8,2,205
2022-05-10 18:01:45,0.0667,514,18.3,26.7,4.57,3.07,63.5,33.1,240,215,211,8,2,205
2022-05-10 18:02:00,0.0667,514,18.0,26.7,4.26,3.07,62.8,33.3,306,215,211,8,2,205
2022-05-10 18:02:15,0.0667,517,17.6,26.7,4.43,0.0834,62.4,33.4,198,215,211,10,2,204
2022-05-10 18:02:30,0.0667,512,21.0,28.3,4.66,0.0834,62.6,32.4,260,215,211,8,2,205
2022-05-10 18:02:45,0.0667,513,21.3,28.3,4.80,0.0834,63.3,33.8,329,215,211,10,3,205
2022-05-10 18:03:00,0.0667,510,24.7,28.3,4.48,0.0834,62.1,32.9,217,214,210,8,2,204
2022-05-10 18:03:15,0.0667,507,23.7,28.3,4.33,0.0829,61.9,32.2,270,214,210,9,2,203
2022-05-10 18:03:30,0.0667,504,27.0,28.3,4.38,0.0829,62.8,33.6,329,214,210,8,2,204
2022-05-10 18:03:45,0.0667,509,24.1,28.3,4.65,0.0829,63.3,32.8,238,215,211,11,2,203
2022-05-10 18:04:00,0.0667,511,25.0,28.3,4.84,0.0829,62.6,32.0,305,214,210,8,2,204
2022-05-10 18:04:15,0.0667,512,21.9,28.3,4.85,0.0776,63.7,34.6,208,215,211,9,2,204
2022-05-10 18:04:30,0.0667,507,24.2,28.3,5.08,0.0776,62.3,32.1,268,215,211,9,3,205
2022-05-10 18:04:45,0.0667,506,24.1,28.3,4.66,0.0776,62.2,32.2,329,215,211,8,2,205
2022-05-10 18:05:00,0.0667,503,24.0,28.3,4.52,0.0776,63.0,33.7,221,215,211,8,2,205
2022-05-10 18:05:15,0.0667,502,21.8,28.2,4.57,0.0770,63.1,33.1,281,215,211,9,2,204
2022-05-10 18:05:30,0.0667,497,21.6,28.2,4.66,0.0964,62.1,33.2,319,215,211,8,2,205
2022-05-10 18:05:45,0.0666,497,21.4,28.2,4.33,0.0964,64.7,34.9,212,215,211,7,2,204
2022-05-10 18:06:00,0.0667,498,24.1,28.2,3.92,0.0964,63.5,34.8,283,215,211,8,2,205
2022-05-10 18:06:15,0.0667,502,20.9,28.1,3.94,0.0964,62.4,32.8,343,215,211,8,2,205
2022-05-10 18:06:30,0.0667,500,21.0,28.1,4.17,0.0964,61.8,32.6,237,215,211,10,3,204
2022-05-10 18:06:45,0.0667,498,21.2,28.1,4.55,0.0964,62.1,32.8,295,215,211,8,2,205
2022-05-10 18:07:00,0.0667,475,21.6,28.1,59.7,2.87,53.9,27.2,260,215,211,8,2,205
2022-05-10 18:07:15,0.0667,472,21.5,27.8,60.0,2.87,62.1,32.6,315,215,211,8,2,205
2022-05-10 18:07:30,0.0667,473,18.7,27.8,59.4,2.87,63.2,33.2,217,214,210,8,2,204
2022-05-10 18:07:45,0.0667,494,18.6,27.8,4.28,2.87,61.4,31.9,275,215,211,10,2,204
2022-05-10 18:08:00,0.0667,501,21.2,27.8,4.49,2.87,63.1,33.0,355,215,211,9,3,204
2022-05-10 18:08:15,0.0667,500,23.6,27.8,4.62,2.87,62.5,33.9,254,215,211,8,2,205
2022-05-10 18:08:30,0.0667,499,23.2,27.8,4.43,2.87,62.5,32.7,305,215,211,8,2,205
2022-05-10 18:08:45,0.0667,495,20.8,27.8,4.26,2.87,62.4,32.4,203,215,211,11,2,202
2022-05-10 18:09:00,0.0667,495,18.7,27.8,3.91,2.87,61.8,32.0,270,215,211,8,2,205
2022-05-10 18:09:15,0.0667,495,18.8,26.5,3.88,0.111,62.5,32.3,321,215,211,8,2,205
2022-05-10 18:09:30,0.0667,497,18.8,26.5,3.83,0.111,62.5,33.1,225,215,211,10,2,204
2022-05-10 18:09:45,0.0667,496,21.3,27.5,4.20,0.111,61.7,32.8,290,215,211,8,2,205
2022-05-10 18:10:00,0.0667,500,21.4,27.5,3.92,0.111,62.2,33.0,197,215,211,8,2,205
2022-05-10 18:10:15,0.0667,496,21.1,27.5,3.62,0.111,61.8,31.9,257,214,210,8,2,204
2022-05-10 18:10:30,0.0667,497,18.0,27.5,3.41,0.111,62.6,33.7,327,215,211,8,2,205
2022-05-10 18:10:45,0.0667,496,18.3,27.5,3.64,0.111,62.4,33.7,234,215,211,8,2,205
2022-05-10 18:11:00,0.0667,499,18.9,27.5,3.57,0.111,62.6,32.5,305,214,210,9,2,202
2022-05-10 18:11:15,0.0667,498,21.9,27.5,3.75,0.0927,62.2,33.0,203,215,211,10,2,204
2022-05-10 18:11:30,0.0667,498,24.6,27.5,3.71,0.0927,61.3,31.6,276,215,211,8,2,205
2022-05-10 18:11:45,0.0667,498,26.5,27.5,4.10,0.0927,61.5,32.4,350,215,211,8,2,205
2022-05-10 18:12:00,0.0667,500,23.5,27.5,4.16,0.0927,61.6,31.8,260,214,210,8,2,204
2022-05-10 18:12:15,0.0667,499,20.6,27.3,4.46,0.0927,62.3,32.6,332,215,211,10,2,204
2022-05-10 18:12:30,0.0667,498,21.0,27.3,4.22,0.0927,62.1,33.1,243,215,211,9,2,203
2022-05-10 18:12:45,0.0667,499,24.0,27.4,4.17,0.117,61.9,31.8,318,215,211,11,2,202
2022-05-10 18:13:00,0.0666,499,26.7,27.4,3.85,0.117,61.8,32.0,228,215,211,8,2,205
2022-05-10 18:13:15,0.0667,498,25.3,27.4,3.90,0.117,61.0,31.3,298,215,211,12,2,181
2022-05-10 18:13:30,0.0666,497,26.7,31.6,3.94,0.117,62.3,32.3,207,216,212,8,2,206
2022-05-10 18:13:45,0.0667,496,24.2,31.6,3.94,0.117,64.5,32.8,282,215,211,9,2,203
2022-05-10 18:14:00,0.0667,496,26.0,31.6,3.73,0.117,63.1,31.8,209,216,212,10,2,204
2022-05-10 18:14:15,0.0667,495,23.0,31.6,3.38,0.120,61.2,32.0,291,215,211,8,2,205
2022-05-10 18:14:30,0.0667,496,23.1,31.6,3.07,0.120,62.0,32.9,226,216,212,10,2,205
2022-05-10 18:14:45,0.0667,474,22.5,31.6,101,3.86,46.6,23.7,256,215,211,29,3,138
2022-05-10 18:15:00,0.0667,426,22.4,31.6,119,3.86,61.1,32.2,301,214,210,10,2,202
2022-05-10 18:15:15,0.0667,419,25.3,31.6,121,3.86,63.4,33.8,249,215,211,9,2,205
2022-05-10 18:15:30,0.0667,431,28.8,36.1,10.3,3.86,61.8,31.8,330,215,211,8,2,205
2022-05-10 18:15:45,0.0667,471,27.3,36.1,4.73,3.86,62.6,33.4,255,215,211,8,2,205
2022-05-10 18:16:00,0.0667,467,24.2,36.1,4.72,3.86,63.8,33.7,319,215,211,10,2,204
2022-05-10 18:16:15,0.0667,470,23.3,36.1,4.33,3.86,63.3,34.2,247,215,211,10,2,203
2022-05-10 18:16:30,0.0667,468,26.6,36.1,4.66,3.86,61.8,32.6,314,215,211,10,2,202
2022-05-10 18:16:45,0.0667,471,30.5,36.1,4.32,3.86,62.6,33.7,237,215,211,9,2,203
2022-05-10 18:17:00,0.0667,472,28.8,36.1,4.50,3.86,62.5,33.2,319,215,211,8,2,205
2022-05-10 18:17:15,0.0667,476,26.0,36.1,3.84,0.138,61.8,32.2,242,215,211,8,2,205
2022-05-10 18:17:30,0.0667,475,22.3,36.1,4.03,0.138,62.8,35.1,311,215,211,9,2,203
2022-05-10 18:17:45,0.0667,473,21.8,36.1,4.05,0.138,62.0,33.1,234,215,211,9,3,203
2022-05-10 18:18:00,0.0667,471,23.5,36.1,4.11,0.138,62.7,34.1,306,215,211,10,2,203
2022-05-10 18:18:15,0.0666,473,26.7,30.1,4.18,0.0935,62.7,33.4,232,214,210,9,2,203
2022-05-10 18:18:30,0.0667,470,27.9,30.3,3.66,0.0935,62.7,33.5,299,214,210,8,2,202
2022-05-10 18:18:45,0.0667,469,28.9,30.3,3.71,0.0935,62.2,34.0,214,215,211,10,2,203
2022-05-10 18:19:00,0.0667,468,28.4,30.3,3.28,0.0935,62.2,32.6,290,215,211,8,2,205
2022-05-10 18:19:15,0.0667,472,25.0,30.3,3.46,0.0935,62.7,33.8,216,215,211,8,2,205
2022-05-10 18:19:30,0.0667,471,21.8,30.3,3.33,0.0935,62.2,33.0,280,215,211,8,2,205
2022-05-10 18:19:45,0.0666,471,18.9,30.3,3.63,0.0935,62.5,33.3,359,214,210,9,2,202
2022-05-10 18:20:00,0.0667,470,21.5,30.3,3.51,0.0935,62.8,33.6,282,215,211,10,2,203
2022-05-10 18:20:15,0.0667,476,24.4,30.3,3.78,0.0994,61.8,32.8,214,215,211,10,2,202
2022-05-10 18:20:30,0.0667,476,27.2,30.3,3.63,0.0994,62.4,33.1,301,214,210,8,2,204
2022-05-10 18:20:45,0.0667,481,24.2,30.3,3.93,0.0994,61.9,32.4,252,215,211,8,2,205
2022-05-10 18:21:00,0.0667,484,21.2,30.3,3.83,0.0994,61.1,32.0,355,215,211,8,2,203
2022-05-10 18:21:15,0.0667,488,20.7,28.0,3.83,0.0994,62.1,31.2,305,214,210,8,3,204
2022-05-10 18:21:30,0.0667,476,22.0,28.0,61.1,3.57,64.0,26.3,234,215,211,12,2,178
2022-05-10 18:21:45,0.0667,429,23.3,28.0,74.7,3.57,76.0,31.4,295,215,211,8,2,205
2022-05-10 18:22:00,0.0667,404,22.1,28.0,79.7,3.57,76.3,32.1,316,215,211,11,2,182
2022-05-10 18:22:15,0.0667,391,22.3,26.4,12.9,3.57,77.0,33.0,340,215,211,10,2,204
2022-05-10 18:22:30,0.0667,416,22.5,26.4,5.12,3.57,76.8,33.3,225,215,211,8,2,205
2022-05-10 18:22:45,0.0667,414,21.8,26.4,5.01,3.57,76.9,33.9,225,215,211,8,2,205
2022-05-10 18:23:00,0.0666,412,23.1,27.1,4.92,3.57,77.7,33.7,230,215,211,8,2,205
2022-05-10 18:23:15,0.0667,399,24.8,28.1,7.16,3.57,76.5,31.7,359,215,211,18,2,195
2022-05-10 18:23:30,0.0667,344,25.2,28.1,181,7.38,33.1,14.8,266,215,211,10,2,204
2022-05-10 18:23:45,0.0667,337,26.3,30.3,184,7.38,80.9,32.9,255,215,211,8,2,205
2022-05-10 18:24:00,0.0667,337,25.8,30.3,181,7.38,79.0,30.8,237,214,210,10,3,203
2022-05-10 18:24:15,0.0667,365,30.3,34.0,101,7.38,55.4,24.8,279,214,210,9,2,203
2022-05-10 18:24:30,0.0667,324,30.4,34.0,239,7.57,48.9,19.6,234,215,211,14,2,199
2022-05-10 18:24:45,0.0667,298,33.7,36.5,263,7.57,84.7,27.3,248,215,211,8,2,205
2022-05-10 18:25:00,0.0667,313,29.7,36.5,280,7.57,59.7,23.7,225,215,211,11,2,84
2022-05-10 18:25:15,0.0667,309,27.7,36.5,161,7.57,84.5,26.9,297,215,211,8,2,205
2022-05-10 18:25:30,0.0667,304,23.3,36.5,164,7.57,85.5,27.0,286,215,211,8,2,205
2022-05-10 18:25:45,0.0667,285,23.9,36.5,21.2,7.57,85.0,27.4,309,215,211,8,2,205
2022-05-10 18:26:00,0.0667,295,23.7,36.5,87.8,7.57,76.4,22.0,298,215,211,8,2,204
2022-05-10 18:26:15,0.0667,294,25.2,36.5,87.5,7.57,85.0,26.9,289,215,211,10,2,203
2022-05-10 18:26:30,0.0667,271,25.0,36.5,291,7.57,43.1,18.1,358,215,211,14,2,199
2022-05-10 18:26:45,0.0667,284,25.9,36.5,274,7.57,70.0,23.8,271,215,211,17,2,195
2022-05-10 18:27:00,0.0667,288,25.6,27.8,405,6.85,59.8,20.6,286,215,211,10,2,186
2022-05-10 18:27:15,0.0667,268,26.0,27.8,245,6.85,83.1,25.3,254,215,211,8,2,205
2022-05-10 18:27:30,0.0667,265,26.0,27.8,250,6.85,70.8,26.3,287,215,211,8,2,205
2022-05-10 18:27:45,0.0667,259,24.1,27.8,411,8.44,33.8,15.2,294,215,211,10,2,185
2022-05-10 18:28:00,0.0667,253,23.5,27.8,418,8.44,82.4,23.6,242,215,211,10,2,163
2022-05-10 18:28:15,0.0665,261,22.6,26.8,400,8.44,72.3,26.6,322,216,212,14,2,194
2022-05-10 18:28:30,0.0667,257,23.5,26.8,246,8.44,56.1,23.1,285,216,212,9,2,205
2022-05-10 18:28:45,0.0667,330,22.9,26.8,292,8.44,67.6,24.9,291,216,212,12,2,186
2022-05-10 18:29:00,0.0668,301,22.9,26.2,343,8.44,67.8,25.8,238,216,212,17,2,195
2022-05-10 18:29:15,0.0667,296,23.2,26.2,347,8.44,55.6,21.3,340,216,212,19,2,195
2022-05-10 18:29:30,0.0667,281,22.4,26.2,477,8.44,52.7,22.4,277,216,212,208,2,6
2022-05-10 18:29:45,0.0667,300,22.3,26.2,477,8.44,55.9,26.2,305,216,212,20,2,194
2022-05-10 18:30:00,0.0667,305,22.3,24.6,485,8.44,56.6,20.9,284,216,212,10,2,194
2022-05-10 18:30:15,0.0667,274,23.6,24.6,303,8.40,77.2,32.0,350,215,211,9,2,203
2022-05-10 18:30:30,0.0667,310,25.6,29.1,280,8.40,63.1,26.0,269,216,212,12,2,170
2022-05-10 18:30:45,0.0667,302,25.1,29.1,164,8.40,79.2,35.0,338,215,211,9,2,204
2022-05-10 18:31:00,0.0667,343,24.1,29.1,139,8.40,78.9,33.7,318,214,210,8,2,204
2022-05-10 18:31:15,0.0667,327,21.0,29.1,23.8,8.40,78.3,32.5,295,215,211,8,2,205
2022-05-10 18:31:30,0.0667,366,20.5,29.1,3.76,8.40,77.4,31.5,263,214,210,8,2,204
2022-05-10 18:31:45,0.0667,367,21.0,29.1,4.25,8.40,78.1,31.0,246,215,211,8,2,205
2022-05-10 18:32:00,0.0667,365,21.6,29.1,4.20,8.40,77.6,29.9,354,214,210,11,2,201
2022-05-10 18:32:15,0.0667,368,22.5,29.1,6.88,8.17,73.3,29.2,329,215,211,8,2,204
2022-05-10 18:32:30,0.0667,384,25.4,30.7,87.2,8.17,66.8,27.0,256,216,212,34,2,178
2022-05-10 18:32:45,0.0667,349,26.1,30.7,106,8.17,78.7,33.7,347,215,211,10,2,202
2022-05-10 18:33:00,0.0666,323,28.2,30.7,237,8.17,51.0,24.9,226,216,212,9,2,205
2022-05-10 18:33:15,0.0667,294,25.4,30.7,155,6.99,77.9,33.7,301,215,211,11,2,202
2022-05-10 18:33:30,0.0667,306,27.4,30.7,136,6.99,78.0,29.0,318,216,212,10,2,204
2022-05-10 18:33:45,0.0667,329,26.5,30.7,4.45,6.99,79.5,35.0,292,215,211,9,2,204
2022-05-10 18:34:00,0.0667,349,25.9,30.7,100,6.99,72.4,28.9,335,216,212,12,2,184
2022-05-10 18:34:15,0.0667,343,24.1,30.7,158,6.99,79.0,35.4,324,216,212,89,2,125
2022-05-10 18:34:30,0.0667,331,24.9,30.7,231,6.99,66.8,28.7,253,215,211,9,2,204
2022-05-10 18:34:45,0.0667,311,24.9,30.7,139,6.99,79.0,34.3,335,216,212,11,2,198
2022-05-10 18:35:00,0.0667,315,25.2,30.7,202,7.29,52.5,24.3,346,216,212,9,2,205
2022-05-10 18:35:15,0.0667,327,22.5,29.8,239,7.29,59.3,26.4,340,216,212,10,2,194
2022-05-10 18:35:30,0.0665,299,23.8,29.8,362,7.29,69.5,27.9,298,216,212,10,2,195
2022-05-10 18:35:45,0.0666,319,25.3,30.0,282,7.29,68.2,31.2,272,216,212,86,4,124
2022-05-10 18:36:00,0.0667,316,25.9,30.0,247,7.29,66.9,31.1,241,216,212,7,2,205
2022-05-10 18:36:15,0.0669,363,28.7,32.6,321,7.29,73.1,29.9,298,216,212,78,2,136
2022-05-10 18:36:30,0.0667,349,26.0,32.6,282,7.29,77.6,32.7,333,216,212,9,2,205
2022-05-10 18:36:45,0.0667,345,25.2,32.6,212,7.29,80.0,33.6,294,215,211,10,2,203
2022-05-10 18:37:00,0.0667,332,25.9,34.8,13.9,7.29,81.0,36.7,271,215,211,10,2,203
2022-05-10 18:37:15,0.0667,346,29.7,34.8,3.02,7.09,78.7,33.6,238,216,212,10,2,204
2022-05-10 18:37:30,0.0667,346,32.5,34.8,3.22,7.09,78.8,33.7,331,215,211,10,2,203
2022-05-10 18:37:45,0.0667,350,30.7,34.8,106,7.09,71.2,33.2,336,216,212,10,4,201
2022-05-10 18:38:00,0.0667,336,27.5,34.8,114,7.09,78.0,31.1,237,216,212,11,2,204
2022-05-10 18:38:15,0.0667,348,25.7,34.8,246,9.70,55.0,25.1,271,216,212,19,2,195
2022-05-10 18:38:30,0.0667,285,24.2,34.8,178,9.70,76.8,31.0,249,216,212,9,2,205
2022-05-10 18:38:45,0.0667,318,22.7,34.8,157,9.70,70.0,37.3,308,216,212,9,2,205
2022-05-10 18:39:00,0.0667,332,21.0,34.8,8.30,9.70,63.4,38.0,251,216,212,9,2,205
2022-05-10 18:39:15,0.0666,412,19.6,29.5,4.01,9.70,64.3,37.5,329,215,211,10,2,203
2022-05-10 18:39:30,0.0666,414,25.4,36.6,3.89,9.70,63.7,37.4,256,215,211,10,2,203
2022-05-10 18:39:45,0.0667,413,29.5,36.6,3.14,9.70,64.0,38.6,325,216,212,9,2,205
2022-05-10 18:40:00,0.0667,411,28.9,36.6,2.72,9.70,63.5,37.0,253,216,212,11,2,203
2022-05-10 18:40:15,0.0667,411,26.9,36.6,2.84,9.70,63.9,36.6,316,216,212,9,2,205
2022-05-10 18:40:30,0.0667,411,22.5,36.6,3.27,9.70,63.2,37.1,249,216,212,10,2,203
2022-05-10 18:40:45,0.0667,415,26.9,36.6,3.66,9.70,63.6,36.7,328,216,212,9,2,205
2022-05-10 18:41:00,0.0667,408,22.8,36.6,84.4,9.70,58.3,33.7,251,216,212,9,2,205
2022-05-10 18:41:15,0.0667,407,22.5,36.6,84.4,3.19,64.7,38.7,330,215,211,9,2,204
2022-05-10 18:41:30,0.0667,400,17.9,36.6,85.6,3.19,64.6,39.0,268,216,212,9,2,205
2022-05-10 18:41:45,0.0667,404,17.7,36.6,3.64,3.19,64.1,37.7,334,215,211,9,2,204
2022-05-10 18:42:00,0.0667,405,17.8,36.6,3.73,3.19,63.9,38.3,283,216,212,9,2,205
2022-05-10 18:42:15,0.0667,409,18.0,32.1,3.45,3.19,63.7,37.7,230,216,212,10,2,204
2022-05-10 18:42:30,0.0667,411,22.0,32.1,2.98,3.19,63.0,35.6,296,216,212,10,2,204
2022-05-10 18:42:45,0.0667,419,26.0,32.1,3.02,3.19,63.8,36.9,277,215,211,9,2,203
2022-05-10 18:43:00,0.0667,423,28.7,32.1,3.17,3.19,61.4,33.9,238,215,211,8,2,205
2022-05-10 18:43:15,0.0667,431,25.0,29.6,3.40,0.154,60.9,33.1,342,216,212,8,2,206
2022-05-10 18:43:30,0.0667,432,21.4,29.6,3.53,0.154,61.6,34.3,339,216,212,11,3,203
2022-05-10 18:43:45,0.0667,436,20.4,29.6,3.44,0.154,61.5,34.0,340,216,212,8,2,206
2022-05-10 18:44:00,0.0667,441,20.8,29.6,3.42,0.154,64.8,32.6,349,216,212,11,2,203
2022-05-10 18:44:15,0.0667,445,23.7,29.6,3.57,0.0789,61.1,32.2,242,214,210,10,2,203
2022-05-10 18:44:30,0.0667,444,25.2,29.6,4.03,0.0789,60.6,31.8,320,216,212,8,2,206
2022-05-10 18:44:45,0.0667,445,24.8,29.6,4.46,0.0802,61.0,32.4,255,215,211,8,2,205
2022-05-10 18:45:00,0.0667,444,22.0,29.6,4.36,0.0802,61.9,33.3,321,215,211,10,2,200
2022-05-10 18:45:15,0.0667,446,21.7,28.3,4.06,0.0802,61.5,32.2,209,215,211,8,2,205
2022-05-10 18:45:30,0.0667,447,30.9,45.9,3.71,0.0802,61.1,32.4,254,215,211,9,2,203
2022-05-10 18:45:45,0.0667,447,33.7,45.9,3.47,0.0802,61.5,31.3,292,215,211,8,2,205
2022-05-10 18:46:00,0.0667,451,30.6,45.9,3.36,0.0802,61.2,32.7,337,214,210,9,2,203
2022-05-10 18:46:15,0.0667,454,23.5,45.9,3.25,0.0802,59.9,30.0,227,215,211,10,3,204
2022-05-10 18:46:30,0.0667,457,24.9,45.9,3.64,0.0802,60.4,31.0,274,215,211,10,2,203
2022-05-10 18:46:45,0.0667,458,27.7,45.9,3.84,0.0802,60.8,31.8,321,215,211,8,2,205
2022-05-10 18:47:00,0.0667,460,25.7,45.9,3.93,0.0802,61.2,31.8,209,215,211,8,2,205
2022-05-10 18:47:15,0.0666,461,22.0,45.9,3.83,0.0745,61.1,30.7,261,214,210,9,2,203
2022-05-10 18:47:30,0.0667,464,23.8,45.9,3.65,0.0745,60.2,30.0,319,215,211,8,2,205
2022-05-10 18:47:45,0.0667,468,23.7,45.9,3.78,0.0745,61.3,30.6,234,215,211,8,2,205
2022-05-10 18:48:00,0.0667,472,22.8,45.9,3.89,0.0775,59.5,30.2,304,215,211,8,2,205
2022-05-10 18:48:15,0.0667,472,19.6,32.1,3.82,0.195,60.8,32.2,212,215,211,8,2,205
2022-05-10 18:48:30,0.0667,471,21.3,32.1,4.15,0.195,60.3,30.8,277,215,211,8,2,205
2022-05-10 18:48:45,0.0667,468,24.1,32.1,3.92,0.195,60.1,30.8,335,215,211,10,2,204
2022-05-10 18:49:00,0.0667,464,24.9,32.1,4.03,0.195,59.4,29.7,225,215,211,8,2,205
2022-05-10 18:49:15,0.0667,465,23.3,32.1,3.32,0.195,60.7,30.5,295,214,210,10,2,202
2022-05-10 18:49:30,0.0667,465,23.6,32.1,3.13,0.195,59.4,30.2,353,214,210,9,2,203
2022-05-10 18:49:45,0.0667,486,24.4,32.1,79.0,3.32,61.4,33.9,265,216,212,36,2,177
2022-05-10 18:50:00,0.0667,430,25.5,32.1,91.8,3.32,61.4,35.2,307,215,211,9,2,204
2022-05-10 18:50:15,0.0666,407,22.2,27.4,96.6,3.32,65.3,40.2,350,215,211,11,2,201
2022-05-10 18:50:30,0.0667,367,24.9,35.3,6.43,3.32,65.1,40.4,244,216,212,11,2,205
2022-05-10 18:50:45,0.0667,393,28.5,35.3,2.90,3.32,67.1,38.3,254,216,212,11,2,204
2022-05-10 18:51:00,0.0667,390,30.3,35.3,2.91,3.32,65.1,38.1,264,216,212,9,2,205
2022-05-10 18:51:15,0.0667,391,24.8,35.3,3.03,3.32,64.7,39.8,298,216,212,11,3,204
2022-05-10 18:51:30,0.0667,394,26.5,37.7,2.97,3.32,64.6,38.7,322,216,212,11,2,204
2022-05-10 18:51:45,0.0667,397,31.0,37.7,3.08,3.32,65.3,39.8,348,216,212,10,3,205
2022-05-10 18:52:00,0.0667,396,31.8,37.7,2.81,3.32,65.2,39.1,236,215,211,9,2,203
2022-05-10 18:52:15,0.0667,394,31.5,37.7,2.79,0.0848,64.9,39.4,253,215,211,9,2,204
2022-05-10 18:52:30,0.0667,394,25.3,37.7,2.73,0.0848,64.1,38.4,278,216,212,9,2,205
2022-05-10 18:52:45,0.0667,392,24.3,37.7,2.79,0.0848,64.5,39.9,298,215,211,9,2,204
2022-05-10 18:53:00,0.0667,396,18.4,37.7,2.88,0.0848,65.1,39.1,327,216,212,11,2,203
2022-05-10 18:53:15,0.0667,395,21.2,37.7,3.17,0.0740,64.0,38.8,346,216,212,9,2,205
2022-05-10 18:53:30,0.0667,399,21.2,37.7,3.34,0.0740,65.7,40.5,247,215,211,7,2,202
2022-05-10 18:53:45,0.0667,396,25.9,37.7,3.81,0.124,63.5,37.6,263,216,212,11,2,203
2022-05-10 18:54:00,0.0666,399,27.8,37.7,3.76,0.124,65.8,41.1,301,215,211,9,2,204
2022-05-10 18:54:15,0.0667,398,28.1,33.0,3.90,0.124,64.8,38.7,331,216,212,12,2,203
2022-05-10 18:54:30,0.0667,398,24.4,33.0,3.49,0.214,64.3,38.5,351,216,212,11,2,204
2022-05-10 18:54:45,0.0667,399,23.0,33.0,3.21,0.214,65.8,39.8,254,215,211,9,2,204
2022-05-10 18:55:00,0.0666,395,26.8,33.0,2.88,0.214,63.7,38.0,267,216,212,9,2,205
2022-05-10 18:55:15,0.0667,398,25.8,33.0,2.81,0.214,65.1,39.8,296,216,212,11,4,204
2022-05-10 18:55:30,0.0667,396,27.5,33.0,2.97,0.214,64.7,39.0,330,216,212,11,2,203
2022-05-10 18:55:45,0.0667,400,30.3,39.3,2.97,0.214,64.4,39.0,361,216,212,12,2,202
2022-05-10 18:56:00,0.0667,396,32.3,39.3,3.20,0.214,63.8,37.9,236,216,212,10,2,204
2022-05-10 18:56:15,0.0667,395,33.1,39.3,3.02,0.214,64.5,39.1,265,215,211,10,2,202
2022-05-10 18:56:30,0.0667,394,31.2,39.3,3.43,0.214,64.2,38.4,295,216,212,9,2,205
2022-05-10 18:56:45,0.0667,400,30.3,39.3,3.28,0.214,64.9,39.7,331,216,212,9,2,205
2022-05-10 18:57:00,0.0667,398,24.8,39.3,3.38,0.214,63.9,38.4,351,216,212,10,4,204
2022-05-10 18:57:15,0.0667,398,24.2,39.3,3.81,0.127,64.7,39.2,245,216,212,9,2,205
2022-05-10 18:57:30,0.0667,397,22.9,39.3,3.70,0.127,63.8,38.5,279,215,211,9,2,204
2022-05-10 18:57:45,0.0667,400,22.8,39.3,3.56,0.127,64.8,39.0,319,216,212,9,2,205
2022-05-10 18:58:00,0.0667,398,18.3,39.3,2.86,0.127,63.4,37.1,345,216,212,9,2,205
2022-05-10 18:58:15,0.0667,397,18.1,33.5,2.87,0.127,65.2,40.0,237,216,212,9,2,205
2022-05-10 18:58:30,0.0667,394,17.8,33.5,3.23,0.127,63.7,38.3,264,216,212,9,2,205
2022-05-10 18:58:45,0.0667,395,18.1,33.5,3.14,0.127,64.0,38.6,290,215,211,11,4,199
2022-05-10 18:59:00,0.0667,398,21.9,33.5,3.21,0.127,68.8,39.4,333,216,212,9,2,205
2022-05-10 18:59:15,0.0667,400,28.0,36.1,3.03,0.127,64.9,37.8,229,215,211,9,2,204
2022-05-10 18:59:30,0.0667,412,29.0,36.1,79.0,3.01,54.9,31.1,327,216,212,83,2,92
2022-05-10 18:59:45,0.0667,380,26.7,36.1,115,3.26,68.6,41.9,267,216,212,9,2,205
2022-05-10 19:00:00,0.0667,370,20.8,36.1,118,3.26,63.6,37.9,296,215,211,9,2,204
2022-05-10 19:00:15,0.0667,357,19.9,36.1,34.9,3.26,64.6,38.4,236,216,212,10,2,203
2022-05-10 19:00:30,0.0667,385,24.0,36.1,3.43,3.26,64.0,37.7,300,216,212,11,2,204
2022-05-10 19:00:45,0.0667,393,28.7,36.1,3.57,3.26,63.9,37.6,229,216,212,10,2,204
2022-05-10 19:01:00,0.0667,398,32.8,36.1,4.06,3.26,62.6,36.6,305,215,211,10,2,202
2022-05-10 19:01:15,0.0667,406,31.0,34.5,3.75,3.26,61.9,34.3,256,215,211,8,2,205
2022-05-10 19:01:30,0.0667,417,26.8,34.5,3.43,3.26,62.2,34.8,358,214,210,10,2,201
2022-05-10 19:01:45,0.0667,427,25.9,34.5,3.26,3.26,63.2,35.9,342,215,211,10,2,203
2022-05-10 19:02:00,0.0667,429,25.0,34.5,3.34,3.26,61.9,34.0,307,214,210,8,2,204
2022-05-10 19:02:15,0.0667,425,24.4,34.5,5.33,0.543,61.8,34.1,271,215,211,17,2,194
2022-05-10 19:02:30,0.0667,418,21.8,34.5,80.6,3.04,66.0,40.3,259,216,212,9,2,205
2022-05-10 19:02:45,0.0667,394,18.9,34.5,85.0,3.04,62.9,37.6,230,215,211,11,2,202
2022-05-10 19:03:00,0.0667,382,22.9,34.5,86.0,3.04,64.6,39.9,225,216,212,11,2,203
2022-05-10 19:03:15,0.0667,373,28.8,38.6,3.32,3.04,66.2,41.0,224,215,211,9,2,204
2022-05-10 19:03:30,0.0667,384,28.9,38.6,3.51,3.04,65.5,40.7,225,216,212,6,2,205
2022-05-10 19:03:45,0.0667,386,31.6,38.6,3.25,3.04,66.0,41.3,219,215,211,9,2,203
2022-05-10 19:04:00,0.0667,381,31.9,39.4,3.85,3.04,63.4,37.8,335,216,212,9,2,205
2022-05-10 19:04:15,0.0667,377,32.1,39.4,3.65,3.04,65.4,40.1,314,215,211,12,2,203
2022-05-10 19:04:30,0.0667,370,32.2,39.4,3.77,3.04,65.1,36.5,276,216,212,10,2,203
2022-05-10 19:04:45,0.0667,356,33.0,41.7,3.95,3.04,71.9,37.7,331,215,211,10,2,202
2022-05-10 19:05:00,0.0666,355,37.7,41.7,4.50,3.04,66.1,38.7,307,216,212,12,2,204
2022-05-10 19:05:15,0.0667,352,38.5,41.7,4.59,0.127,66.4,37.1,255,216,212,9,2,205
2022-05-10 19:05:30,0.0667,369,30.7,41.7,3.87,0.127,65.7,41.1,238,215,211,9,2,204
2022-05-10 19:05:45,0.0667,369,25.9,41.7,3.39,0.254,65.1,40.7,359,215,211,9,2,204
2022-05-10 19:06:00,0.0666,381,18.0,41.7,3.11,0.254,66.2,41.0,219,215,211,9,2,204
2022-05-10 19:06:15,0.0667,364,20.3,41.7,3.06,0.254,61.4,35.7,271,214,210,8,2,204
2022-05-10 19:06:30,0.0666,363,21.6,41.7,3.85,0.254,60.1,27.5,329,215,211,8,2,205
2022-05-10 19:06:45,0.0667,383,25.0,41.7,4.52,0.254,64.7,34.2,191,215,211,10,2,204
2022-05-10 19:07:00,0.0667,428,25.8,41.7,5.13,0.254,63.5,33.1,222,215,211,8,2,204
2022-05-10 19:07:15,0.0667,451,27.1,27.9,4.64,0.254,61.9,32.8,203,215,211,9,2,204
2022-05-10 19:07:30,0.0667,449,26.7,27.9,3.90,0.254,62.3,33.4,354,214,210,9,2,203
2022-05-10 19:07:45,0.0667,443,25.6,27.9,3.36,0.254,62.0,34.1,328,215,211,8,2,205
2022-05-10 19:08:00,0.0667,443,22.8,27.9,3.23,0.254,62.1,33.6,291,215,211,10,2,204
2022-05-10 19:08:15,0.0667,440,23.5,28.1,3.64,0.129,61.9,33.2,257,215,211,10,2,203
2022-05-10 19:08:30,0.0667,438,21.9,28.1,3.62,0.129,64.5,33.6,222,215,211,9,2,203
2022-05-10 19:08:45,0.0667,439,25.2,28.1,3.57,0.129,63.0,34.4,194,215,211,8,2,205
2022-05-10 19:09:00,0.0667,441,22.0,28.1,3.33,0.129,62.3,34.8,340,215,211,8,2,205
2022-05-10 19:09:15,0.0667,441,22.2,28.1,3.75,0.0881,62.4,33.7,308,214,210,8,2,204
2022-05-10 19:09:30,0.0667,436,19.6,28.1,4.23,0.0941,65.6,32.9,273,215,211,10,2,205
2022-05-10 19:09:45,0.0667,445,22.8,28.3,107,3.89,57.4,33.1,233,216,212,12,3,177
2022-05-10 19:10:00,0.0667,395,23.2,28.3,123,3.89,64.1,38.3,210,215,211,12,2,201
2022-05-10 19:10:15,0.0667,372,24.3,28.3,129,3.89,64.8,38.3,304,215,211,10,2,203
2022-05-10 19:10:30,0.0667,342,26.4,34.7,6.86,3.89,65.0,39.2,261,215,211,11,2,202
2022-05-10 19:10:45,0.0667,371,30.6,34.7,2.97,3.89,65.3,39.8,211,215,211,8,2,204
2022-05-10 19:11:00,0.0667,377,36.9,41.7,2.87,3.89,65.1,39.7,316,215,211,10,2,203
2022-05-10 19:11:15,0.0667,380,38.0,41.7,2.79,3.89,64.9,40.0,275,215,211,9,2,204
2022-05-10 19:11:30,0.0667,382,37.6,41.7,2.70,3.89,64.3,39.3,228,215,211,9,2,204
2022-05-10 19:11:45,0.0667,386,29.9,41.7,2.65,3.89,65.4,40.6,347,216,212,9,2,204
2022-05-10 19:12:00,0.0667,388,31.3,42.3,2.65,3.89,64.8,39.3,307,215,211,11,2,202
2022-05-10 19:12:15,0.0667,390,31.7,42.3,2.64,0.233,64.2,39.8,272,215,211,9,2,204
2022-05-10 19:12:30,0.0667,392,31.5,42.3,2.64,0.233,65.6,40.8,245,215,211,11,2,202
2022-05-10 19:12:45,0.0667,391,29.2,42.3,2.62,0.233,65.4,41.3,355,215,211,10,2,203
2022-05-10 19:13:00,0.0667,391,28.9,42.3,2.64,0.233,65.7,40.8,324,217,213,11,2,204
2022-05-10 19:13:15,0.0667,384,35.2,42.3,2.66,0.0182,63.9,38.9,278,217,213,9,2,206
2022-05-10 19:13:30,0.0667,381,29.7,42.3,2.65,0.0182,68.4,39.4,237,217,213,9,2,206
2022-05-10 19:13:45,0.0667,383,24.9,42.3,3.16,0.115,65.8,39.9,232,215,211,9,2,204
2022-05-10 19:14:00,0.0667,387,18.5,42.3,3.20,0.115,64.2,39.7,356,216,212,9,2,205
2022-05-10 19:14:15,0.0666,390,20.6,37.1,3.31,0.115,69.4,38.8,332,215,211,8,2,202
2022-05-10 19:14:30,0.0667,390,24.9,37.1,3.13,0.115,65.0,39.7,331,215,211,9,2,204
2022-05-10 19:14:45,0.0667,392,25.0,37.1,3.05,0.115,64.1,38.3,320,215,211,9,2,204
2022-05-10 19:15:00,0.0667,401,22.8,31.4,41.5,3.02,63.9,37.3,347,216,212,19,2,195
2022-05-10 19:15:15,0.0667,391,18.6,31.4,92.5,3.72,69.0,37.3,298,215,211,9,2,204
2022-05-10 19:15:30,0.0667,387,22.2,31.4,93.5,3.72,64.4,39.1,275,216,212,12,2,204
2022-05-10 19:15:45,0.0667,379,27.8,35.5,54.6,3.72,64.3,37.9,258,216,212,9,2,205
2022-05-10 19:16:00,0.0667,389,27.7,35.5,2.90,3.72,64.5,39.7,259,215,211,9,2,204
2022-05-10 19:16:15,0.0667,393,24.0,35.5,3.19,3.72,64.4,38.6,257,215,211,9,2,203
2022-05-10 19:16:30,0.0667,400,18.7,35.5,3.16,3.72,63.8,38.0,270,215,211,9,2,204
2022-05-10 19:16:45,0.0667,401,18.7,35.5,2.94,3.72,63.8,37.1,276,215,211,10,2,201
2022-05-10 19:17:00,0.0667,406,22.6,35.5,2.56,3.72,64.0,37.8,294,215,211,9,2,204
2022-05-10 19:17:15,0.0667,407,25.5,35.5,2.67,3.70,64.1,37.8,309,216,212,10,2,204
2022-05-10 19:17:30,0.0667,410,27.8,35.5,2.68,3.70,63.5,36.5,327,216,212,9,2,205
2022-05-10 19:17:45,0.0667,411,24.5,35.5,2.73,3.70,63.9,37.5,350,215,211,9,2,204
2022-05-10 19:18:00,0.0667,412,22.8,35.5,2.77,3.70,64.2,37.3,220,216,212,9,2,205
2022-05-10 19:18:15,0.0667,414,20.3,29.8,2.88,0.0933,63.2,36.3,251,215,211,9,2,202
2022-05-10 19:18:30,0.0667,415,22.7,29.8,3.24,0.114,63.5,36.7,283,215,211,9,2,204
2022-05-10 19:18:45,0.0667,421,24.3,29.8,3.12,0.114,63.5,37.1,323,215,211,10,2,203
2022-05-10 19:19:00,0.0667,419,27.8,29.8,2.99,0.114,63.2,36.1,345,216,212,11,2,204
2022-05-10 19:19:15,0.0667,417,26.1,28.7,2.71,0.114,62.7,35.7,215,215,211,9,2,204
2022-05-10 19:19:30,0.0667,415,22.8,28.7,3.03,0.114,62.3,35.1,251,215,211,8,2,205
2022-05-10 19:19:45,0.0667,421,19.0,28.7,3.04,0.114,62.1,34.8,297,214,210,8,2,204
2022-05-10 19:20:00,0.0667,429,18.1,28.7,3.57,0.114,61.4,33.1,352,215,211,9,2,204
2022-05-10 19:20:15,0.0667,437,21.1,28.7,3.82,0.114,61.2,32.8,280,215,211,10,2,204
2022-05-10 19:20:30,0.0667,442,24.3,28.7,4.21,0.114,60.2,32.6,351,215,211,8,2,205
2022-05-10 19:20:45,0.0667,446,24.3,28.7,3.90,0.114,60.8,32.3,283,215,211,8,2,205
2022-05-10 19:21:00,0.0667,447,21.4,28.7,3.96,0.114,60.5,31.6,358,215,211,9,2,203
2022-05-10 19:21:15,0.0667,449,22.3,29.5,3.59,0.0813,60.1,31.3,295,214,210,8,2,204
2022-05-10 19:21:30,0.0667,450,22.4,29.5,3.79,0.0941,60.8,32.3,230,215,211,8,2,205
2022-05-10 19:21:45,0.0666,450,22.9,29.5,3.26,0.0941,61.2,31.6,307,215,211,12,2,204
2022-05-10 19:22:00,0.0667,450,20.4,29.5,3.23,0.0941,62.0,32.9,249,215,211,11,2,204
2022-05-10 19:22:15,0.0667,449,22.7,29.5,3.00,0.0941,60.1,30.2,325,215,211,10,3,203
2022-05-10 19:22:30,0.0667,454,25.0,29.5,3.29,0.0941,61.2,31.8,284,215,211,8,2,205
2022-05-10 19:22:45,0.0667,454,24.0,29.5,3.55,0.0941,59.5,30.7,231,215,211,9,2,204
2022-05-10 19:23:00,0.0667,446,24.7,29.5,82.3,3.19,63.5,35.4,279,216,212,10,2,203
2022-05-10 19:23:15,0.0667,415,28.5,38.0,88.0,3.19,64.3,38.2,352,216,212,11,2,204
2022-05-10 19:23:30,0.0667,399,33.1,38.0,91.3,3.19,66.7,41.7,339,215,211,9,2,204
2022-05-10 19:23:45,0.0667,386,30.1,38.0,3.13,3.19,64.8,39.4,284,215,211,9,2,204
2022-05-10 19:24:00,0.0667,391,23.1,38.0,3.76,3.19,64.1,38.7,348,216,212,9,2,205
2022-05-10 19:24:15,0.0667,388,18.4,38.0,3.60,3.19,65.6,39.1,298,215,211,9,2,204
2022-05-10 19:24:30,0.0667,390,18.2,38.0,3.42,3.19,65.5,38.7,240,215,211,9,2,204
2022-05-10 19:24:45,0.0667,394,18.5,38.0,2.72,3.19,65.6,39.9,317,215,211,9,4,203
2022-05-10 19:25:00,0.0667,394,24.1,38.0,2.74,3.19,65.7,40.5,263,215,211,9,2,204
2022-05-10 19:25:15,0.0667,393,24.0,35.3,2.72,0.120,65.0,39.0,330,215,211,9,2,204
2022-05-10 19:25:30,0.0667,391,23.6,35.3,2.79,0.120,64.4,39.7,269,215,211,9,2,204
2022-05-10 19:25:45,0.0667,390,19.4,35.3,3.04,0.120,64.4,38.7,338,216,212,11,2,203
2022-05-10 19:26:00,0.0667,392,24.9,35.3,3.35,0.120,65.3,39.9,287,216,212,9,2,205
2022-05-10 19:26:15,0.0667,396,25.2,35.3,3.55,0.115,65.1,39.9,242,215,211,9,2,202
2022-05-10 19:26:30,0.0667,396,29.6,35.6,3.32,0.115,65.0,40.1,310,215,211,9,2,204
2022-05-10 19:26:45,0.0667,396,23.9,35.6,3.03,0.115,64.7,39.3,260,215,211,10,2,202
2022-05-10 19:27:00,0.0667,396,26.1,35.6,2.74,0.115,65.8,40.7,342,215,211,11,3,203
2022-05-10 19:27:15,0.0667,392,25.5,35.6,2.74,0.115,64.1,39.5,267,215,211,9,2,204
2022-05-10 19:27:30,0.0667,393,25.3,35.6,2.62,0.115,65.3,40.6,346,215,211,10,3,204
2022-05-10 19:27:45,0.0667,391,24.2,35.6,2.60,0.115,65.1,40.2,291,215,211,11,3,203
2022-05-10 19:28:00,0.0667,398,22.6,35.6,2.56,0.115,65.8,40.2,248,215,211,10,2,203
2022-05-10 19:28:15,0.0666,399,28.1,35.6,2.51,0.0676,64.7,40.3,331,215,211,9,2,204
2022-05-10 19:28:30,0.0667,397,28.1,35.6,2.53,0.0676,64.6,39.5,268,215,211,9,2,204
2022-05-10 19:28:45,0.0667,396,24.1,35.6,2.54,0.0676,65.3,39.7,349,215,211,9,2,204
2022-05-10 19:29:00,0.0667,394,19.7,35.6,2.54,0.0676,64.2,38.9,303,216,212,9,2,205
2022-05-10 19:29:15,0.0667,397,18.5,33.7,2.51,0.0422,68.4,38.2,260,215,211,11,2,203
2022-05-10 19:29:30,0.0667,396,25.3,37.1,2.56,0.0422,65.3,39.8,337,215,211,13,2,200
2022-05-10 19:29:45,0.0667,395,25.9,37.1,2.56,0.0422,64.7,40.4,290,216,212,9,2,205
2022-05-10 19:30:00,0.0666,396,26.6,37.1,2.56,0.0422,64.7,39.4,250,215,211,9,2,204
2022-05-10 19:30:15,0.0667,393,24.1,37.1,2.55,0.0451,63.3,37.3,314,215,211,9,2,204
2022-05-10 19:30:30,0.0667,398,22.9,37.1,2.57,0.0451,66.8,41.4,288,215,211,11,2,202
2022-05-10 19:30:45,0.0667,396,26.3,37.1,2.57,0.0451,63.9,38.4,238,215,211,9,2,204
2022-05-10 19:31:00,0.0667,402,22.2,37.1,2.54,0.0451,65.9,40.9,328,215,211,10,2,202
2022-05-10 19:31:15,0.0667,400,23.3,37.1,2.55,0.0451,65.6,39.7,290,215,211,9,2,204
2022-05-10 19:31:30,0.0667,399,19.3,37.1,2.62,0.0451,64.1,38.6,361,215,211,11,2,203
2022-05-10 19:31:45,0.0667,398,24.0,37.1,2.63,0.208,65.5,40.2,321,216,212,9,2,205
2022-05-10 19:32:00,0.0667,396,22.6,37.1,2.61,0.208,64.6,39.1,274,215,211,10,2,202
2022-05-10 19:32:15,0.0667,396,25.8,31.6,2.65,0.208,64.3,38.4,343,215,211,11,2,201
2022-05-10 19:32:30,0.0667,396,26.2,32.9,2.62,0.208,65.4,39.2,305,215,211,8,2,203
2022-05-10 19:32:45,0.0667,399,30.7,32.9,2.83,0.208,64.7,38.9,273,215,211,9,2,204
2022-05-10 19:33:00,0.0667,407,27.6,32.9,3.10,0.208,64.0,38.4,251,216,212,14,2,200
2022-05-10 19:33:15,0.0667,380,22.9,32.9,123,4.21,49.2,27.5,238,216,212,9,2,205
2022-05-10 19:33:30,0.0667,376,18.6,32.9,124,4.21,65.2,39.6,341,216,212,9,2,205
2022-05-10 19:33:45,0.0667,375,18.4,32.9,124,4.21,63.2,36.4,332,215,211,12,2,202
2022-05-10 19:34:00,0.0667,407,19.3,32.9,2.67,4.21,62.3,34.3,331,215,211,8,2,205
2022-05-10 19:34:15,0.0667,418,18.6,32.9,2.75,4.21,62.8,34.9,353,215,211,8,2,205
2022-05-10 19:34:30,0.0667,427,18.4,32.9,3.11,4.21,62.5,33.8,259,215,211,9,3,205
2022-05-10 19:34:45,0.0667,433,20.9,32.9,3.39,4.21,60.8,33.3,279,215,211,8,2,205
2022-05-10 19:35:00,0.0667,434,21.5,32.9,3.43,4.21,61.5,33.4,303,214,210,8,2,204
2022-05-10 19:35:15,0.0667,435,21.6,28.8,3.58,4.21,62.3,33.7,335,215,211,8,2,205
2022-05-10 19:35:30,0.0667,441,18.1,28.8,3.91,4.21,62.3,34.4,262,215,211,8,2,205
2022-05-10 19:35:45,0.0667,444,17.8,28.8,4.11,4.21,61.2,32.9,297,215,211,10,2,202
2022-05-10 19:36:00,0.0667,442,21.4,28.8,4.31,4.21,61.7,33.2,322,215,211,8,2,205
2022-05-10 19:36:15,0.0667,440,21.5,28.8,4.19,0.0880,62.4,34.5,247,215,211,10,2,203
2022-05-10 19:36:30,0.0667,440,24.9,28.8,4.11,0.202,60.9,32.2,285,215,211,8,2,205
2022-05-10 19:36:45,0.0667,441,22.8,28.8,3.78,0.202,61.2,32.9,322,215,211,8,2,205
2022-05-10 19:37:00,0.0667,440,22.8,28.8,3.79,0.202,61.5,32.7,240,215,211,8,2,205
2022-05-10 19:37:15,0.0667,442,19.6,28.4,4.37,0.202,62.8,32.5,286,215,211,8,2,205
2022-05-10 19:37:30,0.0667,442,18.7,28.4,4.63,0.202,61.6,33.4,324,215,211,9,2,204
2022-05-10 19:37:45,0.0667,443,21.4,28.4,4.86,0.202,61.7,33.6,247,215,211,8,2,205
2022-05-10 19:38:00,0.0667,441,21.4,28.4,4.29,0.202,61.2,32.4,287,215,211,9,2,203
2022-05-10 19:38:15,0.0667,441,24.8,29.2,4.42,0.202,61.9,33.6,323,215,211,10,2,204
2022-05-10 19:38:30,0.0667,439,23.3,29.2,4.31,0.202,61.2,32.8,361,215,211,8,2,205
2022-05-10 19:38:45,0.0667,439,24.8,29.2,4.29,0.202,62.0,32.9,278,215,211,10,3,205
2022-05-10 19:39:00,0.0667,438,22.4,29.2,4.07,0.202,61.4,33.0,315,215,211,10,2,202
2022-05-10 19:39:15,0.0667,428,22.3,29.2,73.7,2.40,59.8,33.6,354,216,212,9,2,205
2022-05-10 19:39:30,0.0667,419,20.4,29.2,74.8,2.40,65.5,40.2,303,215,211,11,2,202
2022-05-10 19:39:45,0.0667,410,23.2,30.4,76.0,2.40,65.3,39.1,344,216,212,9,2,205
2022-05-10 19:40:00,0.0667,408,22.2,30.4,3.07,2.40,63.8,37.6,252,216,212,12,2,176
2022-05-10 19:40:15,0.0667,407,28.3,35.6,3.23,2.40,64.1,37.7,287,215,211,10,2,202
2022-05-10 19:40:30,0.0666,408,28.7,35.6,3.55,2.40,64.3,37.7,321,216,212,10,2,204
2022-05-10 19:40:45,0.0667,417,32.8,35.6,3.39,2.40,65.0,38.0,263,215,211,9,2,204
2022-05-10 19:41:00,0.0667,417,27.5,35.6,3.82,2.40,63.6,36.0,297,216,212,9,2,205
2022-05-10 19:41:15,0.0667,418,23.0,35.6,3.59,2.40,62.7,36.1,334,216,212,9,2,205
2022-05-10 19:41:30,0.0667,418,18.8,35.6,3.54,2.40,62.9,34.7,275,215,211,9,2,204
2022-05-10 19:41:45,0.0667,424,18.4,35.6,3.18,2.40,63.0,36.7,338,216,212,10,2,204
2022-05-10 19:42:00,0.0667,427,22.7,35.6,3.05,2.40,62.1,34.6,276,215,211,8,2,203
2022-05-10 19:42:15,0.0667,428,23.5,31.7,2.93,0.0955,62.7,34.9,342,214,210,9,2,203
2022-05-10 19:42:30,0.0667,429,26.6,31.7,3.14,0.0955,63.3,34.9,306,216,212,8,2,206
2022-05-10 19:42:45,0.0667,431,25.8,31.7,3.30,0.0955,61.7,34.9,267,216,212,10,2,204
2022-05-10 19:43:00,0.0667,434,26.0,31.7,3.63,0.0955,62.9,35.6,251,216,212,8,2,206
2022-05-10 19:43:15,0.0667,434,25.8,31.1,4.52,0.117,62.3,35.0,343,215,211,9,2,203
2022-05-10 19:43:30,0.0667,435,25.8,31.1,4.39,0.117,63.1,35.0,323,214,210,10,2,202
2022-05-10 19:43:45,0.0667,433,25.9,31.1,4.22,0.117,62.3,34.7,305,215,211,8,2,205
2022-05-10 19:44:00,0.0667,433,23.4,31.1,2.95,0.117,62.4,34.8,289,215,211,8,2,205
2022-05-10 19:44:15,0.0667,432,20.0,28.8,3.34,0.117,64.4,34.6,264,216,212,8,2,206
2022-05-10 19:44:30,0.0667,431,19.1,28.8,3.64,0.139,63.3,36.3,357,215,211,9,2,203
2022-05-10 19:44:45,0.0667,430,23.1,31.5,3.80,0.139,61.8,35.5,342,215,211,8,2,205
2022-05-10 19:45:00,0.0667,433,23.2,31.5,3.33,0.139,63.9,36.4,336,215,211,8,2,205
2022-05-10 19:45:15,0.0667,430,23.3,31.5,2.87,0.139,61.9,34.7,302,215,211,8,2,205
2022-05-10 19:45:30,0.0667,431,18.8,31.5,2.86,0.139,62.7,35.2,286,214,210,8,2,204
2022-05-10 19:45:45,0.0667,428,22.2,31.5,2.93,0.139,61.8,34.1,259,214,210,8,2,204
2022-05-10 19:46:00,0.0666,433,21.7,31.5,2.95,0.139,62.9,35.9,353,214,210,8,2,204
2022-05-10 19:46:15,0.0667,431,22.5,31.5,3.05,0.139,61.4,33.1,331,215,211,10,2,180
2022-05-10 19:46:30,0.0667,434,20.5,31.5,3.71,0.139,61.8,33.1,316,215,211,8,2,205
2022-05-10 19:46:45,0.0667,436,20.7,31.5,4.28,0.139,61.1,32.2,310,215,211,8,2,205
2022-05-10 19:47:00,0.0666,440,20.3,31.5,4.58,0.139,60.3,30.9,307,215,211,8,2,205
2022-05-10 19:47:15,0.0667,446,18.6,28.9,4.41,0.107,61.4,32.9,326,215,211,8,2,205
2022-05-10 19:47:30,0.0667,451,18.6,28.9,4.09,0.107,60.0,31.4,352,215,211,10,4,201
2022-05-10 19:47:45,0.0667,461,20.6,28.9,3.85,0.107,61.5,31.3,284,215,211,11,2,202
2022-05-10 19:48:00,0.0667,466,23.5,28.9,3.66,0.107,60.2,30.1,326,215,211,8,2,205
2022-05-10 19:48:15,0.0667,477,23.6,26.5,63.7,2.91,61.5,33.1,272,216,212,25,3,189
2022-05-10 19:48:30,0.0667,441,22.5,26.5,70.6,2.91,63.0,36.4,341,215,211,10,2,204
2022-05-10 19:48:45,0.0667,419,23.8,30.4,73.9,2.91,64.1,37.8,270,216,212,10,2,204
2022-05-10 19:49:00,0.0667,395,24.8,30.4,5.12,2.91,64.8,38.8,317,215,211,10,2,203
2022-05-10 19:49:15,0.0667,411,26.6,30.4,2.65,2.91,64.3,37.7,338,215,211,9,2,204
2022-05-10 19:49:30,0.0667,418,22.4,30.4,2.66,2.91,65.5,39.0,274,215,211,11,3,204
2022-05-10 19:49:45,0.0667,417,26.2,33.6,3.13,2.91,64.2,37.2,311,216,212,9,2,205
2022-05-10 19:50:00,0.0667,416,23.2,33.6,3.26,2.91,64.3,38.1,329,216,212,9,2,205
2022-05-10 19:50:15,0.0667,415,23.3,33.6,3.21,2.91,64.7,38.0,266,215,211,10,2,203
2022-05-10 19:50:30,0.0667,410,21.9,33.6,2.79,2.91,64.8,38.6,282,216,212,9,2,204
2022-05-10 19:50:45,0.0667,409,23.0,33.6,2.69,2.91,63.0,36.6,294,216,212,10,2,203
2022-05-10 19:51:00,0.0667,408,27.8,33.6,2.95,2.91,64.6,37.3,327,215,211,11,2,203
2022-05-10 19:51:15,0.0667,411,27.7,33.6,3.11,0.0963,63.7,37.7,359,215,211,11,2,203
2022-05-10 19:51:30,0.0667,414,31.1,33.6,3.15,0.0963,64.3,37.9,285,216,212,9,2,205
2022-05-10 19:51:45,0.0667,416,26.0,33.6,3.05,0.0963,64.2,37.8,324,216,212,9,2,205
2022-05-10 19:52:00,0.0667,418,22.5,33.6,3.30,0.0963,64.6,37.7,268,215,211,10,2,202
2022-05-10 19:52:15,0.0667,420,20.3,32.3,4.01,0.121,64.7,37.5,300,216,212,9,2,205
2022-05-10 19:52:30,0.0667,416,20.7,32.3,4.08,0.121,64.3,37.4,329,215,211,12,3,203
2022-05-10 19:52:45,0.0667,414,24.4,32.3,3.69,0.121,64.8,38.1,269,215,211,9,2,204
2022-05-10 19:53:00,0.0667,414,22.2,32.3,3.05,0.121,64.2,37.3,306,216,212,9,2,205
2022-05-10 19:53:15,0.0667,414,22.4,31.5,3.29,0.121,64.0,37.2,340,216,212,10,3,205
2022-05-10 19:53:30,0.0667,416,19.7,31.5,3.35,0.121,64.8,38.6,288,215,211,9,2,204
2022-05-10 19:53:45,0.0667,414,19.6,31.5,3.28,0.121,64.1,37.7,319,215,211,9,2,203
2022-05-10 19:54:00,0.0667,414,21.0,31.5,2.89,0.121,63.9,36.5,353,216,212,9,2,205
2022-05-10 19:54:15,0.0667,412,20.0,29.8,3.28,0.121,63.4,37.3,287,216,212,9,2,205
2022-05-10 19:54:30,0.0667,417,20.1,29.8,4.08,0.121,65.2,38.0,343,216,212,10,2,204
2022-05-10 19:54:45,0.0667,416,22.0,29.8,4.76,0.121,63.9,37.2,273,216,212,9,2,205
2022-05-10 19:55:00,0.0666,422,21.9,29.8,4.29,0.121,65.4,38.7,334,215,211,10,2,203
2022-05-10 19:55:15,0.0667,416,26.0,31.2,3.48,0.119,64.4,38.2,272,215,211,9,2,204
2022-05-10 19:55:30,0.0667,416,22.3,31.2,2.75,0.119,63.2,35.8,303,215,211,10,2,203
2022-05-10 19:55:45,0.0667,411,25.8,31.2,2.85,0.119,63.9,36.6,334,215,211,10,2,203
2022-05-10 19:56:00,0.0667,416,24.7,31.2,3.23,0.119,64.8,37.3,300,216,212,11,2,203
2022-05-10 19:56:15,0.0667,424,28.9,31.2,3.83,0.119,62.4,35.3,271,215,211,9,2,203
2022-05-10 19:56:30,0.0667,430,28.7,31.2,3.92,0.119,61.2,34.3,337,215,211,8,2,205
2022-05-10 19:56:45,0.0667,435,25.8,31.2,4.02,0.119,61.3,32.7,327,215,211,10,2,202
2022-05-10 19:57:00,0.0667,442,24.3,31.2,3.73,0.119,62.0,31.7,330,214,210,10,2,203
2022-05-10 19:57:15,0.0667,452,24.1,30.0,3.81,0.0837,60.3,30.9,340,214,210,9,4,202
2022-05-10 19:57:30,0.0667,462,26.7,30.0,3.64,0.0837,60.1,31.2,286,215,211,9,2,203
2022-05-10 19:57:45,0.0667,467,26.9,30.0,3.42,0.0884,60.7,31.5,324,215,211,18,2,195
2022-05-10 19:58:00,0.0667,434,24.6,30.0,103,2.99,51.3,28.8,283,216,212,9,2,205
2022-05-10 19:58:15,0.0667,417,22.3,28.0,107,2.99,63.8,36.1,320,216,212,9,2,202
2022-05-10 19:58:30,0.0667,405,22.2,28.0,110,2.99,64.1,36.7,278,216,212,8,2,205
2022-05-10 19:58:45,0.0667,428,24.9,28.9,3.17,2.99,62.7,35.7,312,216,212,11,2,203
2022-05-10 19:59:00,0.0667,429,28.1,29.7,3.05,2.99,63.6,36.7,347,216,212,9,2,205
2022-05-10 19:59:15,0.0666,428,25.6,29.7,3.06,2.99,64.6,36.2,297,215,211,10,2,203
2022-05-10 19:59:30,0.0667,428,25.8,29.7,3.00,2.99,66.4,36.7,324,216,212,10,2,203
2022-05-10 19:59:45,0.0667,431,24.9,29.7,3.06,2.99,64.0,36.2,282,215,211,10,3,203
2022-05-10 20:00:00,0.0667,430,28.4,29.7,2.91,2.99,63.6,36.7,316,215,211,9,2,203
2022-05-10 20:00:15,0.0667,433,29.4,32.4,2.74,0.0798,62.9,36.3,359,214,210,8,2,204
2022-05-10 20:00:30,0.0667,432,26.6,32.4,2.68,0.0798,63.0,36.2,313,215,211,9,2,204
2022-05-10 20:00:45,0.0667,434,23.1,32.4,2.73,0.0798,63.3,35.7,353,215,211,8,2,205
2022-05-10 20:01:00,0.0667,435,20.3,32.4,3.00,0.0798,64.0,37.1,312,215,211,8,2,205
2022-05-10 20:01:15,0.0667,437,21.1,32.4,2.95,0.0720,62.7,35.4,276,214,210,8,2,204
2022-05-10 20:01:30,0.0667,439,21.2,32.4,3.01,0.174,62.8,36.0,326,215,211,8,2,205
2022-05-10 20:01:45,0.0667,438,19.2,32.4,2.90,0.174,62.7,33.9,288,214,210,8,2,204
2022-05-10 20:02:00,0.0667,439,18.3,32.4,2.90,0.174,63.7,35.9,348,214,210,11,2,202
2022-05-10 20:02:15,0.0667,437,20.7,26.0,2.91,0.174,62.6,35.7,311,214,210,8,2,204
2022-05-10 20:02:30,0.0667,437,21.0,26.0,2.83,0.174,63.3,36.1,362,215,211,11,2,202
2022-05-10 20:02:45,0.0667,440,23.4,26.0,3.04,0.174,64.0,36.2,348,215,211,10,2,203
2022-05-10 20:03:00,0.0666,442,24.2,28.5,3.39,0.174,63.5,35.6,321,215,211,9,2,204
2022-05-10 20:03:15,0.0667,442,26.8,28.5,3.98,0.174,63.3,35.6,286,215,211,8,2,205
2022-05-10 20:03:30,0.0667,441,24.5,28.5,4.29,0.174,64.1,36.8,353,215,211,10,2,202
2022-05-10 20:03:45,0.0667,440,24.4,28.5,4.11,0.174,62.8,35.7,325,215,211,8,2,205
2022-05-10 20:04:00,0.0667,439,22.0,28.5,3.67,0.174,62.1,34.3,284,215,211,8,2,205
2022-05-10 20:04:15,0.0667,439,22.2,28.5,3.45,0.0910,63.3,35.4,349,215,211,9,2,204
2022-05-10 20:04:30,0.0667,440,21.2,28.5,3.23,0.0910,63.2,35.7,327,214,210,9,2,202
2022-05-10 20:04:45,0.0667,441,24.1,28.5,3.30,0.0910,62.7,34.6,305,214,210,8,2,203
2022-05-10 20:05:00,0.0667,441,26.7,28.5,3.60,0.0910,62.1,34.4,299,215,211,8,2,205
2022-05-10 20:05:15,0.0667,446,24.2,28.3,3.72,0.0906,63.4,33.8,315,214,210,11,2,203
2022-05-10 20:05:30,0.0667,448,23.8,28.3,3.82,0.0906,60.9,32.1,310,215,211,11,2,204
2022-05-10 20:05:45,0.0667,454,22.0,28.3,3.91,0.0906,61.8,32.6,327,215,211,8,2,205
2022-05-10 20:06:00,0.0667,457,22.0,28.3,4.06,0.0906,60.9,31.8,356,215,211,8,2,204
2022-05-10 20:06:15,0.0667,468,20.3,28.0,4.02,0.0849,60.2,31.2,318,215,211,10,2,204
2022-05-10 20:06:30,0.0667,475,21.6,28.0,3.73,0.0849,61.1,31.4,282,215,211,8,2,205
2022-05-10 20:06:45,0.0667,482,22.2,28.0,3.69,0.0849,62.3,31.6,340,214,210,8,2,204
2022-05-10 20:07:00,0.0667,490,22.7,26.7,48.3,2.48,60.6,31.7,306,215,211,21,2,190
2022-05-10 20:07:15,0.0667,459,21.4,26.7,58.3,2.48,63.2,34.7,285,214,210,8,2,204
2022-05-10 20:07:30,0.0667,448,22.5,26.7,59.5,2.48,64.1,35.0,348,214,210,8,2,204
2022-05-10 20:07:45,0.0667,431,22.1,26.7,10.8,2.48,63.6,36.5,333,215,211,8,2,205
2022-05-10 20:08:00,0.0667,447,21.2,26.7,3.00,2.48,62.4,34.9,287,215,211,10,2,203
2022-05-10 20:08:15,0.0667,448,24.5,32.8,3.40,2.48,64.2,36.4,339,214,210,8,2,204
2022-05-10 20:08:30,0.0667,444,23.6,32.8,3.86,2.48,62.5,34.7,298,214,210,11,2,199
2022-05-10 20:08:45,0.0667,448,26.5,32.8,4.09,2.48,62.6,34.4,350,215,211,8,2,205
2022-05-10 20:09:00,0.0667,444,21.8,32.8,4.20,2.48,63.0,35.2,310,215,211,8,2,205
2022-05-10 20:09:15,0.0667,447,22.0,32.8,3.82,1.12,63.6,36.1,284,215,211,9,3,204
2022-05-10 20:09:30,0.0667,442,22.6,32.8,3.65,1.12,68.2,35.5,312,214,210,11,2,198
2022-05-10 20:09:45,0.0667,443,25.1,32.8,3.43,1.12,62.6,35.3,360,215,211,8,2,205
2022-05-10 20:10:00,0.0667,442,25.1,32.8,3.35,1.12,63.3,35.2,336,215,211,8,2,205
2022-05-10 20:10:15,0.0667,446,21.4,29.8,3.75,0.154,62.8,34.8,305,215,211,8,2,205
2022-05-10 20:10:30,0.0667,448,18.9,29.8,3.94,0.154,64.5,35.6,358,215,211,8,2,205
2022-05-10 20:10:45,0.0666,449,18.8,29.8,4.27,0.154,63.8,35.8,341,215,211,8,2,205
2022-05-10 20:11:00,0.0667,446,19.0,29.8,4.13,0.154,62.8,34.8,295,215,211,8,2,205
2022-05-10 20:11:15,0.0667,447,18.6,29.8,3.86,0.154,64.2,35.0,350,215,211,10,3,205
2022-05-10 20:11:30,0.0667,441,21.8,29.8,4.04,0.154,63.0,35.0,308,215,211,9,2,204
2022-05-10 20:11:45,0.0667,449,25.3,29.8,3.95,0.154,63.7,35.5,300,214,210,9,2,203
2022-05-10 20:12:00,0.0667,446,28.3,29.8,3.96,0.154,64.3,35.2,351,216,212,8,2,206
2022-05-10 20:12:15,0.0667,449,25.1,29.6,3.48,0.106,63.0,34.1,345,215,211,8,2,205
2022-05-10 20:12:30,0.0667,446,21.2,29.6,3.70,0.106,63.1,34.7,358,215,211,10,2,204
2022-05-10 20:12:45,0.0666,446,21.0,29.6,3.88,0.106,62.5,35.0,297,215,211,8,2,205
2022-05-10 20:13:00,0.0667,451,20.8,29.6,4.19,0.106,63.7,35.6,339,215,211,10,2,204
2022-05-10 20:13:15,0.0667,451,23.5,29.6,4.25,0.100,62.1,33.2,356,216,212,8,2,206
2022-05-10 20:13:30,0.0667,456,21.5,29.6,4.25,0.100,61.7,31.6,330,214,210,8,2,204
2022-05-10 20:13:45,0.0666,461,21.8,29.6,4.24,0.100,62.1,32.4,336,215,211,8,2,205
2022-05-10 20:14:00,0.0667,468,21.2,29.6,3.81,0.100,61.4,30.6,333,215,211,8,2,205
2022-05-10 20:14:15,0.0667,477,20.6,26.2,3.71,0.0887,61.2,31.0,353,215,211,11,2,203
2022-05-10 20:14:30,0.0667,481,22.3,26.2,3.58,0.0887,64.6,30.5,305,215,211,8,2,205
2022-05-10 20:14:45,0.0666,490,20.6,26.2,3.81,0.0887,61.1,30.5,340,215,211,8,2,203
2022-05-10 20:15:00,0.0666,488,23.4,26.8,3.75,0.0887,62.8,31.7,351,215,211,8,2,205
2022-05-10 20:15:15,0.0667,481,21.8,26.8,3.40,0.0804,61.8,32.4,358,215,211,8,2,205
2022-05-10 20:15:30,0.0667,478,21.6,26.8,2.98,0.0804,62.3,32.7,315,214,210,9,2,202
2022-05-10 20:15:45,0.0667,462,23.3,32.0,62.3,2.22,57.4,30.2,352,215,211,11,2,201
2022-05-10 20:16:00,0.0667,456,27.0,32.0,63.5,2.22,62.9,33.6,353,215,211,11,2,202
2022-05-10 20:16:15,0.0667,445,31.0,32.0,65.4,2.22,62.9,33.2,352,215,211,10,2,203
2022-05-10 20:16:30,0.0667,459,30.2,32.0,4.00,2.22,63.5,34.6,310,215,211,8,2,205
2022-05-10 20:16:45,0.0667,462,26.3,32.0,3.81,2.22,62.9,34.5,314,215,211,10,2,187
2022-05-10 20:17:00,0.0667,463,24.9,32.0,3.60,2.22,62.2,33.5,307,215,211,8,2,205
2022-05-10 20:17:15,0.0667,462,23.9,32.0,3.08,2.22,62.7,33.0,319,214,210,8,2,204
2022-05-10 20:17:30,0.0667,461,23.8,32.0,3.08,2.22,62.6,33.6,318,215,211,9,2,203
2022-05-10 20:17:45,0.0667,463,24.4,32.0,3.35,2.22,62.4,32.6,319,214,210,8,2,204
2022-05-10 20:18:00,0.0667,462,21.2,32.0,3.56,2.22,63.2,34.7,326,215,211,8,2,205
2022-05-10 20:18:15,0.0667,463,21.5,29.7,3.58,2.17,63.2,34.0,337,215,211,9,2,203
2022-05-10 20:18:30,0.0667,463,19.9,29.7,3.66,2.17,62.4,33.9,348,215,211,8,2,205
2022-05-10 20:18:45,0.0667,461,20.5,29.7,3.72,2.17,62.7,32.9,359,215,211,8,2,205
2022-05-10 20:19:00,0.0667,465,20.6,29.7,3.63,2.17,63.9,35.5,322,215,211,11,2,205
2022-05-10 20:19:15,0.0667,466,21.9,28.2,4.00,0.0974,62.4,33.3,342,215,211,8,2,205
2022-05-10 20:19:30,0.0667,466,22.6,28.2,3.94,0.0974,63.3,33.9,361,215,211,8,2,205
2022-05-10 20:19:45,0.0667,461,22.4,28.2,4.10,0.0974,62.6,34.0,316,215,211,13,2,188
2022-05-10 20:20:00,0.0667,464,21.2,28.2,3.62,0.0974,62.3,33.1,348,215,211,8,2,205
2022-05-10 20:20:15,0.0666,470,20.7,27.5,3.58,0.0974,63.0,34.0,324,215,211,8,2,205
2022-05-10 20:20:30,0.0667,474,20.8,27.5,3.81,0.0974,62.1,31.7,296,215,211,8,2,205
2022-05-10 20:20:45,0.0666,480,19.1,27.5,3.89,0.0974,61.8,31.9,362,215,211,8,2,205
2022-05-10 20:21:00,0.0667,482,20.4,27.5,3.80,0.0974,61.4,31.8,346,215,211,8,2,205
2022-05-10 20:21:15,0.0667,491,20.5,24.0,3.97,0.125,62.8,33.1,360,215,211,9,2,204
2022-05-10 20:21:30,0.0667,489,23.1,26.4,4.12,0.125,62.3,32.8,358,214,210,10,3,201
2022-05-10 20:21:45,0.0667,493,24.1,26.6,4.19,0.125,62.2,31.4,314,215,211,8,2,205
2022-05-10 20:22:00,0.0667,490,23.8,26.6,3.68,0.125,62.5,32.8,341,215,211,9,2,204
2022-05-10 20:22:15,0.0667,491,23.3,26.6,3.11,0.125,61.7,31.8,358,215,211,10,3,202
2022-05-10 20:22:30,0.0667,494,23.7,27.9,3.07,0.125,62.5,33.2,320,215,211,8,2,204
2022-05-10 20:22:45,0.0667,493,26.3,27.9,3.29,0.125,61.6,32.1,331,215,211,9,2,205
2022-05-10 20:23:00,0.0667,493,27.1,27.9,3.48,0.125,60.8,31.1,348,214,210,8,2,204
2022-05-10 20:23:15,0.0667,488,23.5,27.9,3.82,0.125,62.2,32.1,309,215,211,8,2,205
2022-05-10 20:23:30,0.0667,489,20.4,27.9,3.68,0.289,62.1,32.8,348,214,210,9,2,201
2022-05-10 20:23:45,0.0667,490,20.5,27.9,3.83,0.289,61.8,32.9,316,215,211,8,2,205
2022-05-10 20:24:00,0.0667,491,21.5,27.9,3.55,0.289,63.2,34.0,352,215,211,10,2,204
2022-05-10 20:24:15,0.0667,490,24.9,27.9,5.05,0.445,61.9,32.7,320,215,211,18,2,194
2022-05-10 20:24:30,0.0667,464,23.0,27.9,66.6,3.56,52.9,27.3,308,215,211,8,2,205
2022-05-10 20:24:45,0.0667,461,22.5,27.9,67.5,3.56,62.2,32.7,345,215,211,8,2,205
2022-05-10 20:25:00,0.0667,465,21.1,27.9,65.7,3.56,63.5,33.1,337,215,211,8,2,205
2022-05-10 20:25:15,0.0667,492,20.5,27.5,4.94,3.56,63.1,32.0,316,215,211,8,2,205
2022-05-10 20:25:30,0.0667,499,20.0,27.5,5.17,3.56,63.2,32.6,317,215,211,8,2,205
2022-05-10 20:25:45,0.0667,499,18.8,27.5,5.56,3.56,61.5,31.9,310,215,211,8,2,205
2022-05-10 20:26:00,0.0667,506,18.0,27.5,5.04,3.56,63.4,33.6,332,215,211,9,2,203
2022-05-10 20:26:15,0.0667,496,20.9,25.8,4.68,3.56,60.4,31.0,353,215,211,9,3,204
2022-05-10 20:26:30,0.0667,501,23.0,25.8,4.81,3.56,63.2,33.0,309,215,211,10,2,200
2022-05-10 20:26:45,0.0667,496,24.3,25.8,5.19,3.56,62.2,31.8,317,215,211,8,2,205
2022-05-10 20:27:00,0.0667,512,21.9,25.8,5.36,3.56,62.4,32.0,299,215,211,10,2,201
2022-05-10 20:27:15,0.0667,509,20.9,25.8,5.39,0.111,62.4,31.4,318,215,211,8,2,205
2022-05-10 20:27:30,0.0667,517,20.2,25.8,5.11,0.111,63.0,33.4,299,214,210,8,2,204
2022-05-10 20:27:45,0.0667,510,20.5,25.8,4.70,0.111,62.6,32.6,314,214,210,9,2,202
2022-05-10 20:28:00,0.0667,511,22.1,27.3,4.10,0.111,62.5,31.9,336,215,211,8,2,205
2022-05-10 20:28:15,0.0667,509,21.5,27.3,3.93,0.111,62.8,32.9,305,215,211,8,2,205
2022-05-10 20:28:30,0.0667,512,20.9,27.3,4.36,0.111,62.4,31.8,342,215,211,8,2,205
2022-05-10 20:28:45,0.0667,518,17.5,27.3,4.50,0.111,62.7,31.6,340,215,211,10,2,203
2022-05-10 20:29:00,0.0667,519,20.3,27.3,4.98,0.111,62.3,31.2,335,215,211,8,2,205
2022-05-10 20:29:15,0.0667,521,20.5,27.3,4.83,0.117,63.0,32.4,336,215,211,8,2,205
2022-05-10 20:29:30,0.0667,522,21.2,27.3,5.15,0.117,65.6,30.8,354,215,211,8,2,205
2022-05-10 20:29:45,0.0667,524,18.4,27.3,4.53,0.117,62.3,30.9,306,214,210,8,2,204
2022-05-10 20:30:00,0.0667,525,18.2,27.3,4.52,0.117,61.4,29.9,311,215,211,11,2,204
2022-05-10 20:30:15,0.0666,528,19.3,25.9,4.26,0.117,63.1,31.2,334,215,211,7,2,204
2022-05-10 20:30:30,0.0667,529,22.7,27.8,4.37,0.117,62.9,30.6,349,215,211,8,2,205
2022-05-10 20:30:45,0.0667,533,22.9,27.8,4.24,0.117,62.5,31.0,313,214,210,8,2,204
2022-05-10 20:31:00,0.0667,534,21.8,27.8,4.18,0.117,61.7,29.3,347,214,210,7,2,205
2022-05-10 20:31:15,0.0667,536,19.4,27.8,4.46,0.117,60.9,28.5,318,214,210,8,2,203
2022-05-10 20:31:30,0.0667,543,20.5,27.8,4.83,0.117,60.8,28.4,317,214,210,7,2,205
2022-05-10 20:31:45,0.0667,545,20.0,27.8,5.32,0.117,61.0,28.8,310,214,210,7,2,205
2022-05-10 20:32:00,0.0667,549,19.1,27.8,5.59,0.117,61.8,28.9,312,214,210,9,2,202
2022-05-10 20:32:15,0.0667,514,20.1,27.8,85.8,4.31,41.3,19.0,358,214,210,42,2,170
2022-05-10 20:32:30,0.0667,458,21.3,27.8,98.6,4.31,55.9,25.9,353,214,210,12,2,141
2022-05-10 20:32:45,0.0667,457,23.3,27.8,99.0,4.31,60.8,28.6,303,214,210,7,2,205
2022-05-10 20:33:00,0.0667,488,21.0,27.8,8.87,4.31,60.0,28.7,312,214,210,9,2,180
2022-05-10 20:33:15,0.0667,548,20.8,24.9,5.97,4.31,61.1,28.5,351,214,210,7,2,205
2022-05-10 20:33:30,0.0667,539,19.3,24.9,5.98,4.31,57.4,26.8,341,214,210,7,2,205
2022-05-10 20:33:45,0.0667,541,19.9,24.9,5.99,4.31,58.6,26.9,315,214,210,8,2,203
2022-05-10 20:34:00,0.0667,531,19.7,24.9,6.29,4.31,57.7,26.9,313,214,210,8,2,203
2022-05-10 20:34:15,0.0667,525,21.4,23.8,6.58,4.31,54.4,24.6,336,213,209,8,2,201
2022-05-10 20:34:30,0.0667,512,21.0,23.8,6.54,4.31,55.5,25.5,306,214,210,7,2,205
2022-05-10 20:34:45,0.0667,506,20.4,23.8,6.22,4.31,54.7,25.1,345,214,210,9,2,204
2022-05-10 20:35:00,0.0667,511,20.4,24.0,6.21,4.31,55.8,26.0,348,214,210,7,2,205
2022-05-10 20:35:15,0.0667,513,20.3,24.0,6.50,0.0741,55.3,25.1,338,213,209,7,2,204
2022-05-10 20:35:30,0.0667,513,20.2,24.0,6.79,0.0741,54.5,25.4,320,213,209,9,2,201
2022-05-10 20:35:45,0.0667,504,19.6,24.0,6.94,0.0741,51.8,22.7,336,214,210,7,2,205
2022-05-10 20:36:00,0.0667,500,19.5,24.0,6.85,0.0741,53.6,24.8,309,213,209,7,2,204
2022-05-10 20:36:15,0.0667,492,19.5,24.0,6.79,0.0709,51.2,22.9,316,214,210,7,2,205
2022-05-10 20:36:30,0.0667,480,18.5,24.0,6.08,0.0714,48.3,22.0,334,214,210,7,2,205
2022-05-10 20:36:45,0.0667,465,18.1,24.0,5.85,0.0714,48.2,21.2,350,213,209,7,2,204
2022-05-10 20:37:00,0.0667,456,18.4,24.0,5.70,0.0714,47.4,21.2,317,213,209,7,2,204
2022-05-10 20:37:15,0.0667,460,17.7,22.2,6.14,0.0760,48.4,21.6,357,213,209,7,2,204
2022-05-10 20:37:30,0.0667,458,17.4,22.2,6.09,0.0760,46.2,20.7,309,213,209,7,2,204
2022-05-10 20:37:45,0.0667,449,17.3,22.2,6.22,0.0760,44.4,19.3,359,214,210,7,2,205
2022-05-10 20:38:00,0.0667,431,17.4,22.2,5.98,0.0760,44.4,19.9,342,213,209,7,2,204
2022-05-10 20:38:15,0.0667,423,17.6,19.1,6.28,0.0760,42.3,18.5,333,213,209,7,2,204
2022-05-10 20:38:30,0.0667,416,17.3,19.1,6.28,0.0760,41.8,18.0,351,213,209,7,2,204
2022-05-10 20:38:45,0.0667,415,17.4,19.1,6.27,0.0760,41.9,18.2,321,213,209,7,2,204
2022-05-10 20:39:00,0.0667,410,18.0,19.1,6.04,0.0760,41.7,18.2,334,213,209,7,2,204
2022-05-10 20:39:15,0.0667,402,18.3,18.8,6.12,0.0760,44.6,17.4,317,213,209,7,2,204
2022-05-10 20:39:30,0.0667,383,19.5,21.0,6.16,0.0760,39.3,16.9,321,213,209,7,2,204
2022-05-10 20:39:45,0.0667,375,20.0,21.0,6.34,0.0760,40.9,16.9,308,214,210,7,2,205
2022-05-10 20:40:00,0.0667,367,20.6,21.0,6.17,0.0760,39.4,17.1,320,213,209,7,2,204
2022-05-10 20:40:15,0.0667,363,20.2,21.0,5.91,0.0718,37.5,14.5,362,214,210,8,2,205
2022-05-10 20:40:30,0.0667,351,21.5,24.6,5.83,0.0718,36.5,15.3,348,214,210,7,2,205
2022-05-10 20:40:45,0.0667,341,21.8,24.6,5.72,0.0718,35.1,14.4,315,214,210,7,2,205
2022-05-10 20:41:00,0.0667,334,22.2,24.6,5.92,0.0718,35.1,14.5,323,213,209,7,2,203
2022-05-10 20:41:15,0.0667,322,20.7,24.6,5.82,0.0718,33.0,13.2,308,213,209,7,2,204
2022-05-10 20:41:30,0.0667,311,19.9,24.6,5.76,0.0718,30.7,11.4,337,213,209,7,2,204
2022-05-10 20:41:45,0.0667,274,19.2,24.6,104,3.58,35.5,9.65,322,215,211,14,2,199
2022-05-10 20:42:00,0.0667,254,20.3,24.6,133,3.58,73.5,12.9,348,214,210,7,2,205
2022-05-10 20:42:15,0.0667,242,23.7,29.0,140,3.58,44.9,11.6,354,213,209,7,2,204
2022-05-10 20:42:30,0.0667,255,26.7,29.0,27.6,3.58,52.8,12.7,345,213,209,7,2,204
2022-05-10 20:42:45,0.0667,256,27.1,29.0,6.94,3.58,53.9,12.2,343,214,210,7,2,205
2022-05-10 20:43:00,0.0667,245,25.9,29.0,7.18,3.58,46.2,11.1,350,213,209,7,2,204
2022-05-10 20:43:15,0.0667,236,24.0,29.0,6.76,3.58,35.7,10.5,355,213,209,7,2,204
2022-05-10 20:43:30,0.0667,223,24.6,29.0,5.82,3.58,33.6,9.89,343,215,211,7,2,206
2022-05-10 20:43:45,0.0667,212,23.6,29.0,4.97,3.58,43.3,10.4,356,213,209,7,2,204
2022-05-10 20:44:00,0.0667,200,24.7,29.0,5.28,3.58,40.7,9.94,361,213,209,7,2,204
2022-05-10 20:44:15,0.0667,192,31.7,47.0,5.54,0.148,32.7,8.71,316,213,209,9,2,203
2022-05-10 20:44:30,0.0667,183,32.9,47.0,5.14,0.148,26.7,7.42,337,213,209,7,2,204
2022-05-10 20:44:45,0.0667,175,32.0,47.0,4.98,0.148,36.6,7.92,346,213,209,7,2,204
2022-05-10 20:45:00,0.0667,165,24.0,47.0,5.65,0.148,35.6,6.61,346,213,209,7,2,204
2022-05-10 20:45:15,0.0667,159,23.0,47.0,6.33,0.0924,32.4,7.35,337,213,209,8,2,203
2022-05-10 20:45:30,0.0667,153,22.6,47.0,6.89,0.0924,36.4,6.30,317,213,209,7,2,204
2022-05-10 20:45:45,0.0667,143,25.6,47.0,5.97,0.0924,25.8,4.95,320,213,209,7,2,204
2022-05-10 20:46:00,0.0667,125,25.1,47.0,71.2,3.45,30.6,4.48,325,214,210,7,2,205
2022-05-10 20:46:15,0.0666,112,25.4,32.0,78.2,3.45,21.8,4.32,344,213,209,7,2,204
2022-05-10 20:46:30,0.0667,103,22.0,32.0,84.8,3.45,21.4,4.01,354,213,209,7,2,204
2022-05-10 20:46:45,0.0667,98.4,21.7,32.0,4.42,3.45,29.4,3.44,339,213,209,7,2,204
2022-05-10 20:47:00,0.0667,89.0,22.3,32.0,4.56,3.45,19.0,3.75,313,213,209,7,2,204
2022-05-10 20:47:15,0.0667,79.2,22.6,32.0,3.99,3.45,17.6,3.86,329,213,209,7,2,204
2022-05-10 20:47:30,0.0667,71.6,22.6,32.0,4.06,3.45,15.3,2.52,328,213,209,7,2,204
2022-05-10 20:47:45,0.0667,61.6,21.5,32.0,3.83,3.45,11.9,2.27,356,213,209,7,2,204
2022-05-10 20:48:00,0.0667,50.3,20.8,32.0,3.87,3.45,13.9,1.49,316,213,209,7,2,204
2022-05-10 20:48:15,0.0667,39.4,20.8,24.1,3.83,0.0569,18.9,1.41,315,213,209,7,2,204
2022-05-10 20:48:30,0.0667,29.5,20.9,24.1,3.45,0.0569,17.8,1.04,347,213,209,7,2,204
2022-05-10 20:48:45,0.0667,18.8,21.0,24.1,3.26,0.0569,11.3,0.365,358,213,209,7,2,204
2022-05-10 20:49:00,0.0667,8.76,21.6,24.1,3.25,0.0569,9.97,0.0521,359,213,209,7,2,204
2022-05-10 20:49:15,0.0667,2.42,21.6,22.7,3.79,0.0340,15.5,0.0521,360,213,209,7,2,204
2022-05-10 20:49:30,0.0667,0.356,21.6,22.7,3.56,0.0340,13.9,0.0520,362,178,174,7,2,169
2022-05-10 20:49:45,0.0667,0.356,22.0,23.7,3.61,0.0340,6.67,0.0521,362,91,87,7,2,82
2022-05-10 20:50:00,0.0667,0.378,22.1,23.7,3.30,0.0340,14.2,0.130,313,79,75,7,2,70

